URL,Reference,Description,Sizes,Inventory,Images
https://shop.mango.com/us/en/p/women/dresses-and-jumpsuits/dresses/animal-print-ruffle-dress_87030621,87030621,Lightweight fabric. Short design. A-line design. V-neck. Wrap collar. Long flared sleeve. Fitted waist. Side closure. Ruffle detail at the hem. Lining only. Available in Plus.,"0, 2, 4, 6, 8, 10, 12, 14, 16, 18, 20","Available, Available, Available, Available, Available, Available, Available, Available, Available, Available, Available",
https://shop.mango.com/us/en/p/women/dresses-and-jumpsuits/dresses/animal-print-ruffled-dress_87010622,87010622,Lightweight fabric. A-line design. Short design. Animal print. Leopard print. V-neck. Wrap collar. Three quarter sleeve. Elastic cuffs. No closure. Ruffle detail at the hem. Lining only. Available in Plus.,"0, 2, 4, 6, 8, 10, 12, 14, 16, 18, 20","Available, Available, Available, Available, Available, Available, Available, Available, Available, Available, Available",
https://shop.mango.com/us/en/p/women/dresses-and-jumpsuits/dresses/asymmetric-draped-gown_87060609,87060609,Flowy textured fabric. Lightweight fabric. Short design. Shaved design. Asymmetric neckline. Low neckline. Long sleeves. Gathered cuffs. Draped waist. Asymmetric hem. Side zipper closure. Lining only.,"2, 4, 6, 8, 10","Available, Available, Available, Available, Last Few Items",
https://shop.mango.com/us/en/p/women/dresses-and-jumpsuits/dresses/asymmetrical-combined-dress_77097688,77097688,Asymmetric design. Short design. Combined design. Straight design. Asymmetric neckline. Long sleeves. Bow on the waist. Side zipper closure. The model is 1.79 tall and is wearing a size 36. Fitted design.,"0, 2, 4, 6, 8, 10, 12","Not Available, Not Available, Available, Not Available, Not Available, Not Available, Not Available",
https://shop.mango.com/us/en/p/women/dresses-and-jumpsuits/dresses/asymmetrical-draped-short-dress_87075746,87075746,Fluid fabric. Shaved design. Asymmetric design. Short design. Off shoulder. Asymmetric neckline. Fitted design. Side zipper closure.,"2, 4, 6, 8, 10","Not Available, Last Few Items, Not Available, Last Few Items, Last Few Items",
https://shop.mango.com/us/en/p/women/dresses-and-jumpsuits/dresses/asymmetrical-puff-sleeve-dress_87052532,87052532,100% cotton fabric. Slim silhouette. Shaved design. Short design. Asymmetric neckline. Puffed short sleeve. Side zipper closure. Inner lining.,"2, 4, 6, 8, 10","Available, Available, Last Few Items, Last Few Items, Last Few Items",
https://shop.mango.com/us/en/p/women/dresses-and-jumpsuits/dresses/balloon-effect-textured-dress_87097718,87097718,Cotton blend fabric. Textured fabric. Short design. V-neck. Sleeveless. Thin Straps. Bubble hem. Back zipper closure. Selection Collection.,"2, 4, 6, 8","Available, Available, Available, Available",
https://shop.mango.com/us/en/p/women/dresses-and-jumpsuits/dresses/bow-wrap-dress_77029060,77029060,Lightweight fabric. Front closure. Long sleeves. Lining only. Fluid fabric. Wrap design. Straight design. Short design. Lapel-collar V-neck collar. Wrap collar. Bow on the waist. Inner lining. Available in Plus.,"0, 2, 4, 6, 8, 10, 12, 14, 16, 18, 20","Not Available, Available, Available, Available, Not Available, Last Few Items, Not Available, Not Available, Not Available, Not Available, Not Available",
https://shop.mango.com/us/en/p/women/dresses-and-jumpsuits/dresses/buckle-wrap-dress_67010468,67010468,Fluid fabric. Short design. Straight design. Wrap design. V-neck. Long sleeve with buttoned cuffs. Strap with buckle closure. Gathered details. Inner lining. Party and ceremony collection. The model is 1.79 tall and is wearing a size 36.,"0, 2, 4, 6, 8, 10, 12","Last Few Items, Not Available, Available, Not Available, Last Few Items, Not Available, Not Available",
https://shop.mango.com/us/en/p/women/dresses-and-jumpsuits/dresses/combined-dress-with-puffed-hem_87069208,87069208,Combined fabric. Short design. A-line design. Low neckline. Short sleeve. Bubble hem. No closure.,"0, 2, 4, 6, 8, 10, 12","Available, Available, Available, Available, Available, Available, Available",
https://shop.mango.com/us/en/p/women/dresses-and-jumpsuits/dresses/combined-short-knitted-dress_87060639,87060639,Knitted fabric. A-line design. Short design. Decorative belts. Turtleneck. Long sleeves. Belt loops. Side zipper closure. Unlined. Combined design.,"2, 4, 6, 8, 10","Available, Available, Available, Available, Last Few Items",
https://shop.mango.com/us/en/p/women/dresses-and-jumpsuits/dresses/cotton-dress-with-draped-collar_87014426,87014426,"Cotton blend fabric. Short design. Straight design. Draped neckline. Sleeveless. Side zipper closure. Selection Collection. This garment is part of our event collection, designed to make you the perfect guest at any party, wedding, or ceremony.","2, 4, 6, 8","Available, Available, Available, Available",
https://shop.mango.com/us/en/p/women/dresses-and-jumpsuits/dresses/cotton-wrap-dress_87090579,87090579,100% cotton fabric. Wrap design. Short design. Puffed sleeves with elastic cuffs. Stand-up collar. V-neck. Puffed three quarter sleeves. Knot closure. Straight design.,"2, 4, 6, 8, 10","Last Few Items, Last Few Items, Last Few Items, Available, Not Available",
https://shop.mango.com/us/en/p/women/dresses-and-jumpsuits/dresses/cotton-wrap-dress_87090579?c=52,87090579,100% cotton fabric. Crossover design. Short design. Puffed sleeves with elastic cuffs. Stand-up collar. V-neck. Puffed three quarter sleeves. Knot closure. Straight design.,"2, 4, 6, 8, 10","Last Few Items, Available, Available, Last Few Items, Last Few Items",
https://shop.mango.com/us/en/p/women/dresses-and-jumpsuits/dresses/crochet-a-line-dress_87077172,87077172,Crochet fabric. Handmade. Short design. A-line design. Halter neck. Sleeveless. Button closure at the back. Inner lining.,"2, 4, 6, 8","Available, Available, Available, Available",
https://shop.mango.com/us/en/p/women/dresses-and-jumpsuits/dresses/crochet-knitted-dress_87012533,87012533,100% cotton fabric. Crochet design. Short design. Slim silhouette. Round neck. Short sleeve. Button closure at the back. Inner lining.,"2, 4, 6, 8","Available, Available, Available, Available",
https://shop.mango.com/us/en/p/women/dresses-and-jumpsuits/dresses/crochet-short-dress_87088642,87088642,Cotton fabric. Crochet design. Short design. Straight design. Round neck. Sleeveless. Wide straps. Button closure at the back. Inner lining.,"4, 6, 8","Available, Available, Available",
https://shop.mango.com/us/en/p/women/dresses-and-jumpsuits/dresses/draped-body-balloon-skirt-dress_87095757,87095757,Mini design. Shaved design. A-line design. Combined design. Bubble hem. Strapless. Invisible lateral zipper fastening. Party collection.,"4, 6, 8","Available, Available, Available",
https://shop.mango.com/us/en/p/women/dresses-and-jumpsuits/dresses/draped-satin-dress-with-bow-detail_87085991,87085991,"Dazzle in this satin fabric dress that radiates a subtle and sophisticated shine. Its asymmetrical design adds a modern and bold touch, while the detachable neck tie offers versatility to customize your style. This garment is the perfect choice for those looking to stand out with elegance and originality at any special event. Satin fabric. Short design. Fitted design. Asymmetric neckline. Maxi bow detail on the strap. Draped waist. Side zipper closure. Inner lining. Party and ceremony collection. Items from the CAPSULE collection can be exchanged or returned within 14 days from the date of shipment. This garment is part of our event collection, designed to make you the perfect guest at any party, wedding, or ceremony.","2, 4, 6, 8","Available, Available, Available, Last Few Items",
https://shop.mango.com/us/en/p/women/dresses-and-jumpsuits/dresses/draped-textured-dress_87068270,87068270,Modal fabric. Textured fabric. Short design. Fitted design. Draped neckline. Short sleeve. Draped waist. Back zipper closure. Available in Plus.,"0, 2, 4, 6, 8, 10, 12, 14, 16, 18, 20","Last Few Items, Available, Available, Available, Available, Last Few Items, Not Available, Last Few Items, Last Few Items, Last Few Items, Last Few Items",
https://shop.mango.com/us/en/p/women/dresses-and-jumpsuits/dresses/draped-textured-dress_87068270?c=43,87068270,Modal fabric. Textured fabric. Short design. Fitted design. Draped neckline. Short sleeve. Draped waist. Back zipper closure. Available in Plus.,"0, 2, 4, 6, 8, 10, 12","Not Available, Available, Available, Available, Available, Available, Not Available",
https://shop.mango.com/us/en/p/women/dresses-and-jumpsuits/dresses/fitted-textured-knitted-dress_87079064,87079064,Knitted fabric. Textured fabric. Short design. Fitted design. Round neck. Sleeveless. Wide straps. No closure.,"2, 4, 6, 8, 10","Available, Available, Available, Available, Available",
https://shop.mango.com/us/en/p/women/dresses-and-jumpsuits/dresses/floral-crochet-dress_77070384,77070384,Cotton blend fabric. Short design. Straight design. Floral pattern. Round neck. Sleeveless. Inner lining. No closure. Crochet fabric.,"4, 6, 8","Available, Available, Not Available",
https://shop.mango.com/us/en/p/women/dresses-and-jumpsuits/dresses/floral-print-dress-with-knot_87070581,87070581,100% cotton fabric. Lightweight fabric. Floral print. Shirt Collar. Short sleeve. Front button closure. Frill detail. Knot detail at the front.,"2, 4, 6, 8, 10","Available, Last Few Items, Available, Available, Not Available",
https://shop.mango.com/us/en/p/women/dresses-and-jumpsuits/dresses/halter-dress-with-bow-detail_87068274,87068274,Cotton fabric. Short design. Straight design. Halter neck. Ruched neck. Sleeveless. Tie closure at the back. Selection Collection.,"2, 4, 6, 8","Available, Available, Available, Available",
https://shop.mango.com/us/en/p/women/dresses-and-jumpsuits/dresses/halter-dress-with-feather-decoration_87010271,87010271,"This piece with a halter neckline and feather trim brings sophistication, but at the same time a fun, rejuvenating and different touch. Fluid fabric. Straight design. Short design. Feather detail. Halter neck. Open back. Sleeveless. Bow at the neck. Maxi bow. Inner lining. Party and ceremony collection. Items from the CAPSULE collection can be exchanged or returned within 14 days from the date of shipment. This garment is part of our event collection, designed to make you the perfect guest at any party, wedding, or ceremony.","2, 4, 6, 8, 10","Last Few Items, Last Few Items, Available, Last Few Items, Last Few Items",
https://shop.mango.com/us/en/p/women/dresses-and-jumpsuits/dresses/halter-dress-with-feather-decoration_87025971,87025971,"This piece with a halter neckline and feather trim brings sophistication, but at the same time a fun, rejuvenating and different touch. Short design. Straight design. Halter neck. Sleeveless. Button closure at the neck. Bow detail at the neck. Inner lining. Exclusive Online. Party and ceremony collection. Items from the CAPSULE collection can be exchanged or returned within 14 days from the date of shipment. This garment is part of our event collection, designed to make you the perfect guest at any party, wedding, or ceremony.","2, 4, 6, 8, 10","Last Few Items, Last Few Items, Available, Available, Last Few Items",
https://shop.mango.com/us/en/p/women/dresses-and-jumpsuits/dresses/knitted-dress-openwork-details_87097190,87097190,Fine knit fabric. Short design. Straight design. Boat neck. Sleeveless. Openwork details. No closure.,"4, 6, 8","Available, Available, Available",
https://shop.mango.com/us/en/p/women/dresses-and-jumpsuits/dresses/knitted-dress-with-bow-neckline_17061217,17061217,Fine knit fabric. Short design. A-line design. V-neck. Bow detail on the neckline. Short sleeve. No closure.,"0, 2, 4, 6, 8, 10, 12","Last Few Items, Available, Available, Available, Available, Available, Available",
https://shop.mango.com/us/en/p/women/dresses-and-jumpsuits/dresses/knitted-dress-with-bow-neckline_17061217?c=70,17061217,Fine knit fabric. Short design. A-line design. V-neck. Bow detail on the neckline. Short sleeve. No closure.,"0, 2, 4, 6, 8, 10, 12","Available, Available, Available, Available, Available, Available, Last Few Items",
https://shop.mango.com/us/en/p/women/dresses-and-jumpsuits/dresses/knitted-dress-with-combined-stripes_87087190,87087190,Knitted fabric. Fitted design. Short design. Striped print. Round neck. Wide straps. No closure.,"0, 2, 4, 6, 8, 10, 12","Available, Available, Available, Available, Available, Available, Available",
https://shop.mango.com/us/en/p/women/dresses-and-jumpsuits/dresses/knot-detail-shirt-dress_87012534,87012534,Linen blend fabric. Lightweight fabric. Fluid fabric. Short design. A-line design. Shirt Collar. Long sleeve with buttoned cuffs. Button Closure at the Front. Knot detail at the front.,"2, 4, 6, 8, 10","Available, Available, Last Few Items, Available, Last Few Items",
https://shop.mango.com/us/en/p/women/dresses-and-jumpsuits/dresses/lace-detail-shirt-dress_87090582,87090582,100% cotton. Lightweight fabric. Straight design. Short design. Shirt Collar. Short sleeve. Fitted waist. Front button closure. Lace hem. Unlined.,"2, 4, 6, 8, 10","Not Available, Not Available, Available, Available, Not Available",
https://shop.mango.com/us/en/p/women/dresses-and-jumpsuits/dresses/lace-short-dress_77054035,77054035,Fluid fabric. Short design. Straight design. V-neck. Sleeveless. Thin Straps. Invisible back zip fastening. Lace detail.,"0, 2, 4, 6, 8","Not Available, Not Available, Not Available, Not Available, Not Available",
https://shop.mango.com/us/en/p/women/dresses-and-jumpsuits/dresses/leopard-print-flared-dress_77054073,77054073,Fluid fabric. Short design. A-line design. Animal print. Leopard print. Round neck. Long sleeves. Long sleeves with elastic cuffs. Bow fastening on the neck. Inner lining.,"0, 2, 4, 6, 8, 10, 12","Not Available, Available, Available, Available, Last Few Items, Not Available, Not Available",
https://shop.mango.com/us/en/p/women/dresses-and-jumpsuits/dresses/linen-dress-with-contrasting-details_77010365,77010365,100% linen fabric. Short design. Straight design. Strapless. Sleeveless. Thin Straps. Back zipper closure. Contrast detail. Scalloped edges.,"2, 4, 6, 8, 10","Not Available, Available, Not Available, Available, Available",
https://shop.mango.com/us/en/p/women/dresses-and-jumpsuits/dresses/linen-dress-with-draped-collar_87010591,87010591,Linen blend fabric. Lightweight fabric. Straight design. Short design. Round neck. Draped neckline. Short sleeve. Back closure. Unlined.,"2, 4, 6, 8, 10","Available, Last Few Items, Available, Not Available, Not Available",
https://shop.mango.com/us/en/p/women/dresses-and-jumpsuits/dresses/mini-crochet-dress-with-bow_87059205,87059205,Medium knit fabric. Crochet design. Short design. Fitted design. V-neck. Long sleeves. Tie closure at front.,"4, 6, 8","Available, Available, Available",
https://shop.mango.com/us/en/p/women/dresses-and-jumpsuits/dresses/open-back-crochet-dress_17051222,17051222,Fine knit fabric. Crochet design. Short design. Straight design. Boat neck. Long flared sleeve. Back neckline. Back knot closure.,"4, 6, 8","Last Few Items, Last Few Items, Last Few Items",
https://shop.mango.com/us/en/p/women/dresses-and-jumpsuits/dresses/open-back-crochet-dress_87067171,87067171,Crochet fabric. Floral embroidery. Short design. Straight design. Round neck. Sleeveless. Open back. No closure. Inner lining.,"4, 6, 8","Available, Available, Available",
https://shop.mango.com/us/en/p/women/dresses-and-jumpsuits/dresses/open-back-knitted-dress_77039038,77039038,Fine knit fabric. Fitted design. Short design. Halter neck. Sleeveless. No closure. The model is 1.77 tall and is wearing a size 36. Party and ceremony collection.,"4, 6, 8","Not Available, Last Few Items, Last Few Items",
https://shop.mango.com/us/en/p/women/dresses-and-jumpsuits/dresses/perkins-neck-knitted-dress_87097184?c=32,87097184,Fine knit fabric. Straight design. Short design. Perkins collar. Sleeveless. No closure. Available in Plus.,"0, 2, 4, 6, 8, 10, 12, 14, 16, 18, 20","Not Available, Available, Available, Available, Available, Available, Not Available, Last Few Items, Last Few Items, Last Few Items, Last Few Items",
https://shop.mango.com/us/en/p/women/dresses-and-jumpsuits/dresses/pleated-short-dress_17061268,17061268,Short design. A-line design. Patterned design. Strapless. Sleeveless. Side zipper closure.,"2, 4, 6, 8, 10","Available, Available, Available, Available, Available",
https://shop.mango.com/us/en/p/women/dresses-and-jumpsuits/dresses/printed-bow-dress_77060344,77060344,Fluid fabric. A-line design. Short design. V-neck. Three quarter sleeve with elastic cuffs. Tie closure. Frill detail. Available in Plus. Printed Design. Front button closure.,"0, 2, 4, 6, 8, 10, 12, 14, 16, 18, 20","Not Available, Available, Available, Available, Not Available, Not Available, Not Available, Not Available, Not Available, Not Available, Not Available",
https://shop.mango.com/us/en/p/women/dresses-and-jumpsuits/dresses/printed-dress-with-openings_67028648,67028648,Linen blend fabric. Straight design. Short design. Halter neck. Cut-out. Open back. Sleeveless. Bow fastening on the neck. Back zipper closure. Printed Design.,"2, 4, 6, 8","Not Available, Not Available, Not Available, Last Few Items",
https://shop.mango.com/us/en/p/women/dresses-and-jumpsuits/dresses/printed-dress-with-turn-down-neckline_77040628,77040628,Fluid fabric. Short design. Strapless. Sleeveless. Thin Straps. Bow fastening on the neck. Inner lining. Multi-position suspenders. Printed fabric of Italian origin. Turn-down neckline. Fitted design.,"2, 4, 6, 8, 10","Last Few Items, Available, Not Available, Not Available, Not Available",
https://shop.mango.com/us/en/p/women/dresses-and-jumpsuits/dresses/ruffle-knit-dress_17021263,17021263,Fine knit fabric. Short design. A-line design. Low neckline. Sleeveless. Thin Straps. Maxi flounce. No closure.,"0, 2, 4, 6, 8, 10","Not Available, Available, Available, Available, Available, Not Available",
https://shop.mango.com/us/en/p/women/dresses-and-jumpsuits/dresses/ruffled-floral-print-dress_87004079,87004079,Short design. A-line design. Floral print. Round neck. Long flared sleeve. Adjustable waist tie. Ruffle hem. Button closure at the back. Inner lining.,"0, 2, 4, 6, 8, 10, 12","Available, Available, Available, Available, Available, Available, Last Few Items",
https://shop.mango.com/us/en/p/women/dresses-and-jumpsuits/dresses/ruffled-printed-dress_87080576,87080576,Fluid fabric. A-line design. Ruffle design. Short design. Abstract-print. Stand-up collar. V-neck. Puffed three quarter sleeves. Buttoned cuffs. Button Closure at the Front. Adjustable belt. Adjustable waist tie.,"2, 4, 6, 8, 10","Available, Available, Not Available, Not Available, Not Available",
https://shop.mango.com/us/en/p/women/dresses-and-jumpsuits/dresses/semi-transparent-feather-dress_87020274,87020274,"We have combined two of the trends of the moment: transparencies and feathers. It has a lingerie-style inner piece that together with the chiffon layer with halter-neck detail becomes an elegant and original option for your most special events. Straight design. Short design. Turtleneck. Puffed sleeves. Bow fastening on the cuffs. Keyhole detail on the back with button fastening. Made in Portugal. Party and ceremony collection. Items from the CAPSULE collection can be exchanged or returned within 14 days from the date of shipment. This garment is part of our event collection, designed to make you the perfect guest at any party, wedding, or ceremony.","2, 4, 6, 8, 10","Not Available, Not Available, Last Few Items, Not Available, Not Available",
https://shop.mango.com/us/en/p/women/dresses-and-jumpsuits/dresses/sequin-embellishment-ruffle-dress_87000361,87000361,"Medium size. This strapless design with ruffle embellishments will accompany you on your most special nights so that you stand out with sophistication. Its short design and sequin fabric make it the perfect look for you to dazzle. Fabric with sequin. Stretch fabric. Tailored design. Short design. Maxi flounce. No closure. Made in Portugal. Party and ceremony collection. Items from the CAPSULE collection can be exchanged or returned within 14 days from the date of shipment. Back closure. Slim fit. Sleeveless. Lining only. Strapless. This garment is part of our event collection, designed to make you the perfect guest at any party, wedding, or ceremony.","2, 4, 6, 8","Available, Available, Available, Available",
https://shop.mango.com/us/en/p/women/dresses-and-jumpsuits/dresses/sequined-halter-neck-dress_77039064,77039064,Fabric with sequin. Fitted design. Short design. Halter neck. Sleeveless. Keyhole detail on the back with button fastening. Inner lining. Party and ceremony collection. The model is 1.77 tall and is wearing a size 36. The model is 1.78 tall and is wearing a size 36.,"0, 2, 4, 6, 8, 10, 12","Not Available, Available, Available, Available, Not Available, Not Available, Not Available",
https://shop.mango.com/us/en/p/women/dresses-and-jumpsuits/dresses/short-balloon-effect-dress_87029068,87029068,Cotton fabric. Short design. Fitted design. Bubble hem. Strapless. Sleeveless. Puffed hem. Back zipper closure.,"2, 4, 6, 8","Available, Available, Available, Available",
https://shop.mango.com/us/en/p/women/dresses-and-jumpsuits/dresses/short-balloon-effect-dress_87047181,87047181,Short design. Fitted design. Bubble hem. Round neck. Sleeveless. Wide straps. Bubble hem. Side zipper closure. Exclusive Online.,"4, 6, 8","Available, Available, Not Available",
https://shop.mango.com/us/en/p/women/dresses-and-jumpsuits/dresses/short-balloon-effect-gathered-dress_87035768,87035768,Party and ceremony collection. Short design. Bubble hem. Low neckline. Thin Straps. Runched detail in the neckline. Gathered detail at the waist. No closure. Inner lining.,"2, 4, 6, 8","Available, Available, Available, Available",
https://shop.mango.com/us/en/p/women/dresses-and-jumpsuits/dresses/short-belted-dress_87038652,87038652,Straight design. Short design. Fitted design. Boat neck. Short sleeve. Decorative belt. No closure.,"2, 4, 6, 8, 10","Available, Available, Available, Available, Available",
https://shop.mango.com/us/en/p/women/dresses-and-jumpsuits/dresses/short-button-down-linen-blend-dress_87039065,87039065,Linen blend fabric. Short design. Fitted design. Boat neck. Two side welt pockets. Front button closure. Inner lining. Available in Plus.,"0, 2, 4, 6, 8, 10, 12","Not Available, Available, Available, Available, Available, Available, Not Available",
https://shop.mango.com/us/en/p/women/dresses-and-jumpsuits/dresses/short-button-down-linen-blend-dress_87039065?c=74,87039065,Linen blend fabric. Short design. Fitted design. Boat neck. Two side welt pockets. Front button closure. Inner lining. Available in Plus.,"0, 2, 4, 6, 8, 10, 12, 14, 16, 18, 20","Last Few Items, Available, Available, Available, Available, Available, Not Available, Not Available, Last Few Items, Last Few Items, Not Available",
https://shop.mango.com/us/en/p/women/dresses-and-jumpsuits/dresses/short-chiffon-combined-dress_87014425,87014425,"Cotton blend fabric. Short design. Fitted design. Strapless. Sleeveless. Side closure. Inner lining. Selection Collection. This garment is part of our event collection, designed to make you the perfect guest at any party, wedding, or ceremony.","2, 4, 6, 8","Available, Available, Available, Available",
https://shop.mango.com/us/en/p/women/dresses-and-jumpsuits/dresses/short-combined-dress_87099208,87099208,Combined design. Short design. Fitted design. Boat neck. Sleeveless. Ruffle hem. No closure.,"0, 2, 4, 6, 8, 10, 12","Available, Available, Available, Available, Available, Available, Last Few Items",
https://shop.mango.com/us/en/p/women/dresses-and-jumpsuits/dresses/short-combined-fabric-draped-dress_87085767,87085767,Cotton fabric. Short design. Combined design. Fitted design. Asymmetric neckline. Long sleeves. Draped waist. Ruffle hem.,"4, 6, 8","Available, Available, Available",
https://shop.mango.com/us/en/p/women/dresses-and-jumpsuits/dresses/short-cut-out-dress-with-bows_87049067,87049067,Cotton fabric. Short design. Straight design. Low neckline. Sleeveless. Thin strap. Thin Straps. Side slits. Bow details on the sides. Back zipper closure.,"4, 6, 8","Available, Available, Available",
https://shop.mango.com/us/en/p/women/dresses-and-jumpsuits/dresses/short-dress-with-combined-design_87099209,87099209,100% cotton fabric. Fitted design. Short design. Upper body with striped print. Gathered detail. No closure.,"0, 2, 4, 6, 8, 10, 12","Available, Available, Available, Available, Available, Available, Available",
https://shop.mango.com/us/en/p/women/dresses-and-jumpsuits/dresses/short-dress-with-gathered-panels_87018656,87018656,Peak Lapel. Thin Strap. Short design. Straight design. V-neck. Sleeveless. Thin Straps. Gathered details. No closure.,"2, 4, 6, 8, 10","Available, Available, Available, Available, Available",
https://shop.mango.com/us/en/p/women/dresses-and-jumpsuits/dresses/short-dress-with-wide-straps_87028653,87028653,Short design. Fitted design. Low neckline. Sleeveless. Wide straps. Dart detail. No closure.,"2, 4, 6, 8, 10","Available, Available, Available, Available, Available",
https://shop.mango.com/us/en/p/women/dresses-and-jumpsuits/dresses/short-flared-dress_87009096,87009096,Short design. A-line design. Boat neck. Back neckline. Sleeveless. Wide straps. Back zipper closure. Inner lining.,"0, 2, 4, 6, 8, 10, 12","Available, Available, Available, Available, Available, Available, Available",
https://shop.mango.com/us/en/p/women/dresses-and-jumpsuits/dresses/short-flared-knitted-dress_87095762,87095762,"Short design. Peplum design. Perkins collar. Sleeveless. Button closure at the back. This garment is part of our event collection, designed to make you the perfect guest at any party, wedding, or ceremony.","2, 4, 6, 8, 10","Available, Available, Available, Available, Available",
https://shop.mango.com/us/en/p/women/dresses-and-jumpsuits/dresses/short-floral-print-dress-with-ruffle-detail_87055766,87055766,"Chiffon fabric. Short design. Straight design. Floral print. Low neckline. Double thin straps. Frill detail. Side zipper closure. Inner lining. This garment is part of our event collection, designed to make you the perfect guest at any party, wedding, or ceremony.","2, 4, 6, 8","Available, Available, Available, Available",
https://shop.mango.com/us/en/p/women/dresses-and-jumpsuits/dresses/short-floral-textured-dress_87069064,87069064,100% cotton fabric. Short design. A-line design. Fabric with floral texture. Low neckline. Sleeveless. Thin adjustable straps. Side zipper closure. Inner lining. Exclusive Online.,"4, 6, 8","Available, Available, Available",
https://shop.mango.com/us/en/p/women/dresses-and-jumpsuits/dresses/short-knitted-dress-with-pleats_87074071,87074071,Fine knit fabric. Short design. A-line design. Patterned design. Round neck. Long sleeves. No closure.,"2, 4, 6, 8, 10","Available, Available, Available, Available, Last Few Items",
https://shop.mango.com/us/en/p/women/dresses-and-jumpsuits/dresses/short-knitted-dress_17021262,17021262,Fine knit fabric. Short design. Straight design. Round neck. Sleeveless. Wide straps. No closure.,"2, 4, 6, 8, 10","Available, Available, Available, Available, Available",
https://shop.mango.com/us/en/p/women/dresses-and-jumpsuits/dresses/short-knitted-turtleneck-dress_87040284,87040284,Medium knit. Short design. Straight design. Rolled neck. Long sleeves. The model is 1.77 tall and is wearing a size 36. The model is 1.78 tall and is wearing a size 36.,"0, 2, 4, 6, 8, 10, 12, 14, 16, 18, 20","Not Available, Available, Available, Available, Available, Last Few Items, Not Available, Available, Last Few Items, Last Few Items, Last Few Items",
https://shop.mango.com/us/en/p/women/dresses-and-jumpsuits/dresses/short-knitted-turtleneck-dress_87040284?c=05,87040284,Medium knit. Short design. Straight design. Rolled neck. Long sleeves. The model is 1.77 tall and is wearing a size 36. The model is 1.78 tall and is wearing a size 36.,"0, 2, 4, 6, 8, 10, 12","Not Available, Last Few Items, Available, Available, Available, Last Few Items, Not Available",
https://shop.mango.com/us/en/p/women/dresses-and-jumpsuits/dresses/short-knitted-turtleneck-dress_87040284?c=94,87040284,Medium knit. Short design. Straight design. Rolled neck. Long sleeves. The model is 1.77 tall and is wearing a size 36. The model is 1.78 tall and is wearing a size 36.,"0, 2, 4, 6, 8, 10, 12, 14, 16, 18, 20","Not Available, Available, Available, Available, Available, Last Few Items, Not Available, Available, Last Few Items, Last Few Items, Last Few Items",
https://shop.mango.com/us/en/p/women/dresses-and-jumpsuits/dresses/short-peplum-knitted-dress_87084812,87084812,Fine knit fabric. Peplum design. Short design. Halter neck. Sleeveless. No closure.,"2, 4, 6, 8, 10","Available, Available, Available, Available, Available",
https://shop.mango.com/us/en/p/women/dresses-and-jumpsuits/dresses/short-pinstripe-dress_77095997,77095997,Pinstripe print. Round neck. Sleeveless. Invisible back zip fastening. Button closure at the back. Two welt pockets on the front. Dart detail. The model is 1.81 tall and is wearing a size 37. Short design. A-line design.,"0, 2, 4, 6, 8, 10, 12","Not Available, Available, Available, Available, Available, Not Available, Last Few Items",
https://shop.mango.com/us/en/p/women/dresses-and-jumpsuits/dresses/short-pleated-cotton-dress_17031271,17031271,Short design. Straight design. Low neckline. Sleeveless. Thin Straps. Decorative pleats at front. No closure. Exclusive Online.,"0, 2, 4, 6, 8, 10","Available, Available, Available, Available, Available, Available",
https://shop.mango.com/us/en/p/women/dresses-and-jumpsuits/dresses/short-pleated-linen-blend-dress_87009071,87009071,Linen and lyocell blend fabric. Short design. A-line design. Boat neck. Sleeveless. Wide straps. Pleats detail. Back zipper closure.,"0, 2, 4, 6, 8, 10, 12","Available, Available, Available, Available, Available, Available, Not Available",
https://shop.mango.com/us/en/p/women/dresses-and-jumpsuits/dresses/short-polo-style-dress_17081144,17081144,100% cotton fabric. Short design. Straight design. Striped design. Polo collar. V-neck. Sleeveless. Wide straps. No closure.,"2, 4, 6, 8, 10","Not Available, Not Available, Last Few Items, Last Few Items, Not Available",
https://shop.mango.com/us/en/p/women/dresses-and-jumpsuits/dresses/short-strapless-dress-with-mirrors_87000276,87000276,"We have designed the piece that will make you the life of the party. Its design with matching mirrors and strapless will make you shine at your most special events of the moment. Satin fabric. Italian fabric. Metal mirror wall light. Fitted design. Short design. Strapless. Sleeveless. Side zipper closure. Inner lining. Party and ceremony collection. Items from the CAPSULE collection can be exchanged or returned within 14 days from the date of shipment. This garment is part of our event collection, designed to make you the perfect guest at any party, wedding, or ceremony.","2, 4, 6, 8, 10","Available, Available, Available, Available, Last Few Items",
https://shop.mango.com/us/en/p/women/dresses-and-jumpsuits/dresses/short-striped-dress-with-knot_87078651,87078651,Short design. Straight design. Striped print. Round neck. Short sleeve. Knot detail at the waist. Adjustable knot. No closure.,"2, 4, 6, 8, 10","Available, Available, Available, Available, Available",
https://shop.mango.com/us/en/p/women/dresses-and-jumpsuits/dresses/short-tweed-dress_77086764,77086764,Tweed fabric. Straight design. Short design. Round neck. Wide straps. Sleeveless. Back zipper closure. Inner lining. Frayed finish.,"0, 2, 4, 6, 8, 10, 12","Available, Last Few Items, Available, Available, Available, Not Available, Available",
https://shop.mango.com/us/en/p/women/dresses-and-jumpsuits/dresses/strapless-dress-with-shiny-details_87004428,87004428,"Satin fabric. Short design. Fitted design. Strapless. Turn-down neckline. Sleeveless. Back zipper closure. Sparkly decorative appliqu√©s. Inner lining. Selection Collection. This garment is part of our event collection, designed to make you the perfect guest at any party, wedding, or ceremony.","2, 4, 6, 8","Available, Available, Available, Available",
https://shop.mango.com/us/en/p/women/dresses-and-jumpsuits/dresses/strapless-floral-dress_87049066,87049066,Cotton fabric. Short design. Fitted design. Floral print. Strapless. Side zipper closure. Inner lining. Exclusive Online.,"2, 4, 6, 8","Available, Available, Available, Available",
https://shop.mango.com/us/en/p/women/dresses-and-jumpsuits/dresses/striped-cotton-shirt-dress_87050577,87050577,Cotton blend fabric. Short design. Striped print. Shirt-style. Short sleeve. Button Closure at the Front. Straight design.,"2, 4, 6, 8, 10","Available, Available, Available, Available, Not Available",
https://shop.mango.com/us/en/p/women/dresses-and-jumpsuits/dresses/striped-dress-with-metallic-buttons_87080586,87080586,Fine knit fabric. Short design. Straight design. Striped print. Round neck. Wide straps. No closure.,"2, 4, 6, 8, 10","Last Few Items, Last Few Items, Last Few Items, Last Few Items, Not Available",
https://shop.mango.com/us/en/p/women/dresses-and-jumpsuits/dresses/striped-dress-with-metallic-buttons_87080586?c=70,87080586,Fine knit fabric. Short design. Straight design. Striped print. Round neck. Wide straps. No closure.,"2, 4, 6, 8, 10","Last Few Items, Available, Available, Last Few Items, Not Available",
https://shop.mango.com/us/en/p/women/dresses-and-jumpsuits/dresses/striped-short-dress_77064031?c=92,77064031,Short design. Round neck. Sleeveless. Fitted design. Striped design.,"0, 2, 4, 6, 8, 10, 12","Not Available, Available, Available, Not Available, Not Available, Last Few Items, Last Few Items",
https://shop.mango.com/us/en/p/women/dresses-and-jumpsuits/dresses/textured-asymmetrical-dress_77068276,77068276,Textured fabric. Asymmetric design. Wrap design. Straight design. Short design. Asymmetric neckline. Long sleeves. Side zipper closure. Party and ceremony collection. The model is 1.78 tall and is wearing a size 36. The model is 1.77 tall and is wearing a size 36.,"0, 2, 4, 6, 8, 10, 12","Last Few Items, Available, Available, Available, Available, Available, Last Few Items",
https://shop.mango.com/us/en/p/women/dresses-and-jumpsuits/dresses/vestido-corto-estampado-volantes_87095767,87095767,Chiffon fabric. Semi-transparent design. Short design. Straight design. Animal print. Round neck. Ruched detail at the neck. Long sleeves. Ruffle details on the skirt. Inner lining.,"2, 4, 6, 8, 10","Available, Available, Available, Available, Last Few Items",
https://shop.mango.com/us/en/p/women/dresses-and-jumpsuits/dresses/wrap-dress-with-shirt-collar_87094069,87094069,Straight design. Short design. Lapel-collar V-neck collar. Wrap neckline. Removable bow on the neck. Long sleeve with buttoned cuffs. Pleats at the waist. No closure.,"2, 4, 6, 8, 10","Available, Available, Available, Available, Available",
https://shop.mango.com/us/en/p/women/dresses-and-jumpsuits/dresses/zebra-back-bow-satin-dress_87084092,87084092,Fluid fabric with satin finish. Short design. A-line design. Animal print. Zebra print. Draped neckline. Long sleeves. Back zipper closure. Inner lining. Available in Plus.,"0, 2, 4, 6, 8, 10, 12, 14, 16, 18, 20","Last Few Items, Available, Available, Available, Available, Available, Last Few Items, Not Available, Last Few Items, Last Few Items, Not Available",
https://shop.mango.com/us/en/p/women/dresses-and-jumpsuits/jumpsuits/belt-short-jumpsuit_87070582?c=70,87070582,Fluid fabric. Straight design. Short design. Lapel-collar V-neck collar. Short sleeve. Button Closure at the Front. Removable belt at the waist.,"XS, S, M, L, XL","Last Few Items, Available, Last Few Items, Not Available, Not Available",
https://shop.mango.com/us/en/p/women/dresses-and-jumpsuits/jumpsuits/cotton-short-jumpsuit_87090576,87090576,Cotton blend fabric. Short design. Straight design. Shirt-style. Shirt Collar. Short sleeve. Button Closure at the Front. Removable bow on the waist.,"XS, S, M, L, XL","Last Few Items, Available, Last Few Items, Last Few Items, Last Few Items",
https://shop.mango.com/us/en/p/women/dresses-and-jumpsuits/jumpsuits/denim-dungarees-stripes_77062919,77062919,Cotton fabric with denim style. Short design. Two side patch pockets. Square neckline. Sleeveless. Wide straps. Button closure. Striped design.,"XS, S, M, L, XL","Available, Available, Available, Available, Available",
https://shop.mango.com/us/en/p/women/dresses-and-jumpsuits/jumpsuits/denim-overalls-with-embroidered-detail_87090591,87090591,100% cotton fabric. Straight design. Short design. Ribbon on the waist with tie closure. Lapel-collar V-neck collar. Sleeveless. Embroidered details. Button Closure at the Front.,"XS, S, M, L, XL","Available, Available, Available, Last Few Items, Not Available",
https://shop.mango.com/us/en/p/women/dresses-and-jumpsuits/jumpsuits/short-sleeved-tweed-jumpsuit_87070595,87070595,"Tweed fabric. Straight design. Short design. V-neck. Short sleeve. Two welt pockets on the front. Two patch pockets at chest. Button Closure at the Front. Inner lining. This garment is part of our event collection, designed to make you the perfect guest at any party, wedding, or ceremony.","XS, S, M, L, XL","Last Few Items, Available, Available, Available, Last Few Items",
https://shop.mango.com/us/en/p/women/dresses-and-jumpsuits/dresses/belt-shirt-dress_87060583,87060583,Lightweight fabric. Straight design. Short design. Shirt Collar. Short sleeve. Front button closure. Nightgown-style belt. Unlined. Front closure.,"2, 4, 6, 8, 10","Last Few Items, Last Few Items, Available, Available, Last Few Items",https://shop.mango.com/assets/rcs/pics/static/T8/fotos/S/87060583_08.jpg?imwidth=493&imdensity=1&ts=1732017874845
https://shop.mango.com/us/en/p/women/dresses-and-jumpsuits/dresses/belted-blazer-dress_87070630,87070630,A-line design. Short design. Lapel-collar V-neck collar. Long sleeves. Three welt pockets on the front. Double button fastening. Lining only. Decorative belt.,"0, 2, 4, 6, 8, 10, 12","Not Available, Not Available, Last Few Items, Available, Available, Last Few Items, Last Few Items",https://shop.mango.com/assets/rcs/pics/static/T8/fotos/S/87070630_99.jpg?imwidth=493&imdensity=1&ts=1732122349140
https://shop.mango.com/us/en/p/women/dresses-and-jumpsuits/dresses/button-knit-dress_87070585,87070585,Fine knit fabric. Slim fit. Short design. Polo collar. Short sleeve. Button Closure at the Front. Jewel effect buttons. Unlined.,"2, 4, 6, 8, 10","Not Available, Last Few Items, Not Available, Last Few Items, Not Available",https://shop.mango.com/assets/rcs/pics/static/T8/fotos/S/87070585_56.jpg?imwidth=493&imdensity=1&ts=1730898270771
https://shop.mango.com/us/en/p/women/dresses-and-jumpsuits/dresses/cotton-dress-with-frayed-neckline_87058275,87058275,Cotton and linen blend fabric. Short design. Straight design. Low neckline. Sleeveless. Thin Straps. Open back. Back zipper closure. Selection Collection.,"2, 4, 6, 8","Available, Available, Available, Available",https://shop.mango.com/assets/rcs/pics/static/T8/fotos/S/87058275_08.jpg?imwidth=493&imdensity=1&ts=1741865762257
https://shop.mango.com/us/en/p/women/dresses-and-jumpsuits/dresses/denim-dress-with-puffed-hem_17031268,17031268,Denim-style cotton fabric. Short design. Straight design. Round neck. Sleeveless. Button closure at the back. Bubble hem.,"4, 6, 8","Available, Available, Available",https://shop.mango.com/assets/rcs/pics/static/T1/fotos/S/17031268_01.jpg?imwidth=493&imdensity=1&ts=1746455724544
https://shop.mango.com/us/en/p/women/dresses-and-jumpsuits/dresses/denim-jumpsuit-short_17041199,17041199,Denim-style cotton fabric. Short design. Low neckline. Sleeveless. Thin Straps. Wrap detail. Side zipper closure.,"XS, S, M, L, XL","Available, Available, Available, Available, Available",https://shop.mango.com/assets/rcs/pics/static/T1/fotos/S/17041199_TS.jpg?imwidth=493&imdensity=1&ts=1745499919848
https://shop.mango.com/us/en/p/women/dresses-and-jumpsuits/dresses/denim-wrap-dress_87070588,87070588,100% Cotton. Denim-style cotton fabric. Lightweight fabric. Short design. Straight design. Wrap design. Round neck. Sleeveless. Back zipper closure. Tie closure. Unlined.,"2, 4, 6, 8, 10","Not Available, Not Available, Not Available, Last Few Items, Not Available",https://shop.mango.com/assets/rcs/pics/static/T8/fotos/S/87070588_TO.jpg?imwidth=493&imdensity=1&ts=1735572871111
https://shop.mango.com/us/en/p/women/dresses-and-jumpsuits/dresses/short-asymmetrical-sleeve-dress_87094090,87094090,Fluid fabric. Short design. A-line design. Turtleneck. Asymmetric sleeves. Short sleeve with ruffle. Back zipper closure.,"2, 4, 6, 8, 10","Available, Available, Available, Last Few Items, Not Available",https://shop.mango.com/assets/rcs/pics/static/T8/fotos/S/87094090_99.jpg?imwidth=493&imdensity=1&ts=1736516089052
https://shop.mango.com/us/en/p/women/dresses-and-jumpsuits/dresses/asymmetrical-bow-neck-dress_87086350?c=52,87086350,"Midi design. Fitted design. Asymmetric neckline. Sleeveless. Pleat detail on the strap. Side zipper closure. Frill on the bottom. Inner lining. Available in Plus. The blue color is an online exclusive. This garment is part of our event collection, designed to make you the perfect guest at any party, wedding, or ceremony.","2, 4, 6, 8, 10","Available, Available, Available, Available, Last Few Items",
https://shop.mango.com/us/en/p/women/dresses-and-jumpsuits/dresses/asymmetrical-dress-with-belt_87064801,87064801,Midi design. A-line design. V-neck. Sleeveless. Belt loops. Belt buckle fastening. Two pockets with flaps on the front. Asymmetric hem. Back zipper closure. Available in Plus.,"0, 2, 4, 6, 8, 10, 12, 14, 16, 18, 20","Available, Available, Available, Available, Available, Not Available, Last Few Items, Last Few Items, Last Few Items, Last Few Items, Last Few Items",
https://shop.mango.com/us/en/p/women/dresses-and-jumpsuits/dresses/asymmetrical-linen-dress_87027165?c=09,87027165,100% linen fabric. Midi design. Straight design. Asymmetric neckline. Short sleeve. Draped waist. Side slit at hem. Side zipper closure. Available in Plus.,"0, 2, 4, 6, 8, 10, 12","Available, Available, Available, Available, Available, Not Available, Last Few Items",
https://shop.mango.com/us/en/p/women/dresses-and-jumpsuits/dresses/belt-linen-dress_87057164,87057164,100% linen fabric. Midi design. A-line design. V-neck. Sleeveless. Wide straps. Belt loops. Belt buckle fastening. Back zipper closure. Available in Plus.,"0, 2, 4, 6, 8, 10, 12, 14, 16, 18, 20","Last Few Items, Not Available, Available, Available, Last Few Items, Last Few Items, Last Few Items, Not Available, Last Few Items, Last Few Items, Last Few Items",
https://shop.mango.com/us/en/p/women/dresses-and-jumpsuits/dresses/boat-neck-knitted-dress_87057180?c=05,87057180,Fine knit fabric. Midi design. Straight design. Boat neck. Sleeveless. No closure. Front opening on the hem. Available in Plus.,"2, 4, 6, 8, 10","Available, Available, Available, Available, Available",
https://shop.mango.com/us/en/p/women/dresses-and-jumpsuits/dresses/bow-printed-dress_77010347?c=70,77010347,Fluid fabric. Long design. A-line design. Round neck. Sleeveless. Elastic waist with tie closure. Bow fastening on the neck. Available in Plus. Printed Design.,"0, 2, 4, 6, 8, 10, 12, 14, 16, 18, 20","Last Few Items, Available, Available, Available, Not Available, Not Available, Not Available, Not Available, Not Available, Last Few Items, Not Available",
https://shop.mango.com/us/en/p/women/dresses-and-jumpsuits/dresses/bow-shirt-dress_87007188,87007188,A-line design. Midi design. Shirt Collar. Sleeveless. Patch pocket on the chest. Front button closure. Available in Plus.,"0, 2, 4, 6, 8, 10, 12","Available, Available, Available, Available, Available, Available, Last Few Items",
https://shop.mango.com/us/en/p/women/dresses-and-jumpsuits/dresses/button-crochet-dress_77010366,77010366,Cotton blend fabric. Midi design. Straight design. V-neck. Short sleeve. Opening at the bottom. Available in Plus. Front button closure. Crochet fabric.,"0, 2, 4, 6, 8, 10, 12, 14, 16, 18, 20","Not Available, Available, Available, Not Available, Not Available, Not Available, Not Available, Last Few Items, Last Few Items, Last Few Items, Not Available",
https://shop.mango.com/us/en/p/women/dresses-and-jumpsuits/dresses/combined-fabric-long-dress_87059211,87059211,Cotton and modal mix. Combined design. Long design. Straight design. Round neck. Sleeveless. No closure. Available in Plus.,"0, 2, 4, 6, 8, 10, 12, 14, 16, 18, 20","Available, Available, Available, Available, Available, Available, Available, Available, Available, Available, Last Few Items",
https://shop.mango.com/us/en/p/women/dresses-and-jumpsuits/dresses/combined-striped-flared-dress_87007204,87007204,Long design. A-line design. Striped print. Draped neckline. Sleeveless. Button closure at the back. Available in Plus.,"0, 2, 4, 6, 8, 10, 12, 14, 16, 18, 20","Last Few Items, Available, Available, Available, Available, Available, Available, Available, Last Few Items, Last Few Items, Last Few Items",
https://shop.mango.com/us/en/p/women/dresses-and-jumpsuits/dresses/cotton-midi-dress-with-knot-detail_87077173,87077173,100% cotton fabric. Straight design. Midi design. Round neck. Wide straps. Knot detail at the waist. No closure.,"0, 2, 4, 6, 8, 10, 12, 14, 16, 18, 20","Available, Available, Available, Available, Available, Available, Available, Last Few Items, Last Few Items, Available, Available",
https://shop.mango.com/us/en/p/women/dresses-and-jumpsuits/dresses/cotton-midi-dress_87090417?c=37,87090417,Knitted fabric. Elastic fabric. Fitted design. Midi design. Long sleeves. The model is 1.77 tall and is wearing a size 36. The model is 1.78 tall and is wearing a size 36.,"0, 2, 4, 6, 8, 10, 12","Last Few Items, Available, Available, Available, Available, Available, Not Available",
https://shop.mango.com/us/en/p/women/dresses-and-jumpsuits/dresses/draped-neck-lyocell-dress_87017198?c=30,87017198,"Lyocell-blend fabric. Textured fabric. Fitted design. Long design. Draped neckline. Wide straps. No closure. Inner lining. The red color is an online exclusive. This garment is part of our event collection, designed to make you the perfect guest at any party, wedding, or ceremony.","0, 2, 4, 6, 8, 10, 12, 14, 16, 18, 20","Not Available, Available, Available, Available, Available, Last Few Items, Not Available, Last Few Items, Last Few Items, Last Few Items, Last Few Items",
https://shop.mango.com/us/en/p/women/dresses-and-jumpsuits/dresses/draped-neck-modal-dress_87089210,87089210,Modal-blend fabric. Long design. Fitted design. Draped neckline. Sleeveless. Draped waist. No closure. Available in Plus.,"0, 2, 4, 6, 8, 10, 12, 14, 16, 18, 20","Available, Available, Available, Available, Available, Available, Available, Available, Available, Available, Last Few Items",
https://shop.mango.com/us/en/p/women/dresses-and-jumpsuits/dresses/draped-shirt-dress_77014035,77014035,Fluid fabric. Satin fabric. Shirt-style. Midi design. Shaved design. Striped print. Shirt Collar. Sleeveless. Button Closure at the Front. Available in Plus. Fitted design.,"0, 2, 4, 6, 8, 10, 12, 14, 16, 18, 20","Not Available, Available, Available, Available, Available, Available, Not Available, Available, Available, Last Few Items, Last Few Items",
https://shop.mango.com/us/en/p/women/dresses-and-jumpsuits/dresses/draped-straight-dress_87007190?c=54,87007190,Midi design. Straight design. Draped neckline. Sleeveless. Draped waist. Side zipper closure. Available in Plus.,"0, 2, 4, 6, 8, 10, 12","Last Few Items, Available, Available, Available, Available, Last Few Items, Not Available",
https://shop.mango.com/us/en/p/women/dresses-and-jumpsuits/dresses/embroidered-shirt-dress-with-belt_87029065,87029065,Cotton fabric. Midi design. Straight design. Embroidered fabric. Shirt Collar. Short sleeve. Belt loops. Belt buckle fastening. Wooden buckle. Front button closure. Available in Plus.,"0, 2, 4, 6, 8, 10, 12, 14, 16, 18, 20","Not Available, Available, Available, Available, Available, Available, Last Few Items, Available, Available, Last Few Items, Not Available",
https://shop.mango.com/us/en/p/women/dresses-and-jumpsuits/dresses/fitted-midi-dress_17091199,17091199,Midi design. Fitted design. Scoop neckline. Sleeveless. Wide straps. No closure.,"0, 2, 4, 6, 8, 10, 12, 14, 16, 18, 20","Available, Available, Available, Available, Available, Last Few Items, Available, Available, Available, Available, Available",
https://shop.mango.com/us/en/p/women/dresses-and-jumpsuits/dresses/flared-dress-in-combined-fabric_87057187?c=37,87057187,Cotton fabric. Combined design. Midi design. A-line design. Low neckline. Sleeveless. Wide straps. Gathered panel at the waist. No closure.,"0, 2, 4, 6, 8, 10, 12","Last Few Items, Available, Available, Available, Available, Available, Last Few Items",
https://shop.mango.com/us/en/p/women/dresses-and-jumpsuits/dresses/flared-midi-dress_17001283,17001283,Midi design. A-line design. Crew neck. Sleeveless. Wide straps. Back zipper closure. 100% cotton lining.,"0, 2, 4, 6, 8, 10, 12","Available, Available, Available, Available, Available, Available, Not Available",
https://shop.mango.com/us/en/p/women/dresses-and-jumpsuits/dresses/flared-midi-dress_87054072,87054072,Midi design. A-line design. Round neck. Sleeveless. Back zipper closure. Available in Plus.,"0, 2, 4, 6, 8, 10, 12, 14, 16, 18, 20","Last Few Items, Available, Available, Available, Not Available, Not Available, Last Few Items, Not Available, Not Available, Not Available, Not Available",
https://shop.mango.com/us/en/p/women/dresses-and-jumpsuits/dresses/floral-dress-with-draped-neck_87007200,87007200,Midi design. Straight design. Draped neckline. Sleeveless. Floral print. Tie closure at the back. Available in Plus.,"0, 2, 4, 6, 8, 10, 12, 14, 16, 18, 20","Available, Available, Available, Available, Available, Available, Available, Available, Available, Available, Available",
https://shop.mango.com/us/en/p/women/dresses-and-jumpsuits/dresses/floral-linen-blend-dress_87057163,87057163,Linen blend fabric. A-line design. Midi design. Floral print. V-neck. Short sleeve. Draped neck. Ribbon on the waist with tie closure. Side zipper closure. Available in Plus.,"0, 2, 4, 6, 8, 10, 12, 14, 16, 18, 20","Last Few Items, Available, Available, Available, Available, Available, Available, Last Few Items, Last Few Items, Available, Last Few Items",
https://shop.mango.com/us/en/p/women/dresses-and-jumpsuits/dresses/floral-print-flared-dress_17031287,17031287,100% cotton fabric. Midi design. A-line design. Crew neck. Sleeveless. Wide straps. Floral print. Back zipper closure. 100% cotton lining. Available in Plus.,"0, 2, 4, 6, 8, 10, 12, 14, 16, 18, 20","Available, Available, Available, Available, Available, Available, Not Available, Not Available, Not Available, Not Available, Not Available",
https://shop.mango.com/us/en/p/women/dresses-and-jumpsuits/dresses/floral-puff-sleeve-dress_87080642,87080642,Chiffon fabric. Semi-transparent design. A-line design. Midi design. Floral print. V-neck. Long puffed sleeves. Side zipper closure. Inner lining. Available in Plus.,"0, 2, 4, 6, 8, 10, 12, 14, 16, 18, 20","Available, Available, Available, Available, Available, Not Available, Not Available, Last Few Items, Last Few Items, Last Few Items, Last Few Items",
https://shop.mango.com/us/en/p/women/dresses-and-jumpsuits/dresses/knitted-midi-dress-with-lapels_87097185,87097185,Fine knit fabric. Midi design. Fitted design. Lapel-collar V-neck collar. Sleeveless. Wide straps. No closure. Available in Plus.,"0, 2, 4, 6, 8, 10, 12, 14, 16, 18, 20","Not Available, Last Few Items, Last Few Items, Available, Available, Last Few Items, Not Available, Last Few Items, Last Few Items, Last Few Items, Last Few Items",
https://shop.mango.com/us/en/p/women/dresses-and-jumpsuits/dresses/leopard-print-dress-with-frayed-ends_87055752,87055752,A-line design. Midi design. Leopard print. Animal print. Round neck. Short sleeve. Draped waist. Frayed finish. Back zipper closure. Available in Plus.,"0, 2, 4, 6, 8, 10, 12, 14, 16, 18, 20","Last Few Items, Available, Available, Available, Available, Available, Last Few Items, Not Available, Last Few Items, Last Few Items, Last Few Items",
https://shop.mango.com/us/en/p/women/dresses-and-jumpsuits/dresses/linen-and-lyocell-blend-shirt-dress-with-belt_87055750,87055750,Linen and lyocell blend fabric. A-line design. Midi design. Shirt Collar. Short sleeve. Nightgown-style belt. Front pleat detail. Button Closure at the Front. Available in Plus.,"0, 2, 4, 6, 8, 10, 12, 14, 16, 18, 20","Not Available, Not Available, Available, Last Few Items, Not Available, Not Available, Not Available, Not Available, Not Available, Not Available, Not Available",
https://shop.mango.com/us/en/p/women/dresses-and-jumpsuits/dresses/linen-blend-midi-dress-with-belt_87009078?l=01,87009078,Linen blend fabric. Midi design. A-line design. V-neck. Sleeveless. Wide straps. Belt loops. Removable belt. Front button closure. Available in Plus.,"0, 2, 4, 6, 8, 10, 12, 14, 16, 18, 20","Available, Available, Available, Available, Available, Available, Last Few Items, Available, Available, Last Few Items, Available",
https://shop.mango.com/us/en/p/women/dresses-and-jumpsuits/dresses/long-floral-dress-with-short-sleeves_87019068,87019068,Long design. Straight design. Floral print. V-neck. Decorative bow. Short sleeve. Back zipper closure. Inner lining. Available in Plus.,"0, 2, 4, 6, 8, 10, 12, 14, 16, 18, 20","Available, Available, Available, Available, Available, Available, Available, Available, Available, Available, Not Available",
https://shop.mango.com/us/en/p/women/dresses-and-jumpsuits/dresses/long-floral-print-dress_77012928,77012928,Fluid fabric. Oversize design. Long design. Floral print. Round neck. Sleeveless. Thin Straps. No closure. Available in Plus. Printed Design.,"0, 2, 4, 6, 8, 10, 12, 14, 16, 18, 20","Not Available, Not Available, Available, Available, Available, Available, Not Available, Not Available, Not Available, Not Available, Last Few Items",
https://shop.mango.com/us/en/p/women/dresses-and-jumpsuits/dresses/long-printed-dress_17031161,17031161,Long design. A-line design. Print. V-neck. Short sleeve. Gathered panel at the waist. No closure. Available in Plus.,"0, 2, 4, 6, 8, 10, 12, 14, 16, 18, 20","Available, Available, Available, Available, Available, Available, Available, Available, Available, Available, Available",
https://shop.mango.com/us/en/p/women/dresses-and-jumpsuits/dresses/long-printed-dress_77075657,77075657,Fluid fabric. Long design. Straight design. V-neck. Long sleeves. Decorative bow. Inner lining. Available in Plus. Front button closure. Printed Design.,"0, 2, 4, 6, 8, 10, 12, 14, 16, 18, 20","Available, Available, Available, Last Few Items, Available, Not Available, Not Available, Not Available, Not Available, Not Available, Not Available",
https://shop.mango.com/us/en/p/women/dresses-and-jumpsuits/dresses/midi-dress-with-draped-detail_77000368?c=43,77000368,100% cotton. Midi design. Straight design. Round neck. Sleeveless. Unlined. No closure. Draped details. Available in Plus. The model is 1.79 tall and is wearing a size 36. 100% cotton fabric. Wide straps. Knot detail.,"0, 2, 4, 6, 8, 10, 12, 14, 16, 18, 20","Last Few Items, Available, Available, Available, Last Few Items, Not Available, Not Available, Not Available, Not Available, Not Available, Not Available",
https://shop.mango.com/us/en/p/women/dresses-and-jumpsuits/dresses/midi-dress-with-puffed-hem_87009072,87009072,Midi design. Straight design. Round neck. Sleeveless. Wide straps. Seam detail. Back zipper closure. Available in Plus. The orange color is exclusive online.,"0, 2, 4, 6, 8, 10, 12, 14, 16, 18, 20","Last Few Items, Available, Available, Available, Available, Available, Available, Last Few Items, Last Few Items, Last Few Items, Last Few Items",
https://shop.mango.com/us/en/p/women/dresses-and-jumpsuits/dresses/midi-dress-with-straps_77010369?c=87,77010369,Fluid fabric. Midi design. Square neckline. Sleeveless. Thin Straps. No closure. Back Slit at the Hem. Available in Plus. Fitted design.,"0, 2, 4, 6, 8, 10, 12","Not Available, Available, Available, Available, Not Available, Not Available, Not Available",
https://shop.mango.com/us/en/p/women/dresses-and-jumpsuits/dresses/midi-floral-dress_87027183,87027183,Midi design. Straight design. Floral print. V-neck. Short sleeve. Side zipper closure. Available in Plus.,"0, 2, 4, 6, 8, 10, 12, 14, 16, 18, 20","Last Few Items, Available, Available, Available, Available, Not Available, Last Few Items, Available, Not Available, Last Few Items, Last Few Items",
https://shop.mango.com/us/en/p/women/dresses-and-jumpsuits/dresses/paisley-flared-dress-with-belt_87028649,87028649,Cotton fabric. Midi design. A-line design. Paisley print. V-neck. Short sleeve. Belt loops. Removable belt. Front button closure. Available in Plus.,"0, 2, 4, 6, 8, 10, 12, 14, 16, 18, 20","Available, Available, Available, Available, Available, Available, Available, Last Few Items, Last Few Items, Last Few Items, Last Few Items",
https://shop.mango.com/us/en/p/women/dresses-and-jumpsuits/dresses/perkins-neck-knitted-dress_87070425,87070425,Turtleneck. No closure. Long design. Straight design. Long sleeves. Fine knit fabric. Unlined. Midi design. Perkins collar. Cable knit finish.,"0, 2, 4, 6, 8, 10, 12, 14, 16, 18, 20","Last Few Items, Available, Available, Available, Available, Not Available, Not Available, Not Available, Not Available, Not Available, Not Available",
https://shop.mango.com/us/en/p/women/dresses-and-jumpsuits/dresses/perkins-neck-textured-dress_87067178,87067178,Cotton fabric. Textured fabric. Stretch fabric. Fitted design. Long design. Perkins collar. Sleeveless. Back Slit at the Hem. Back zipper closure. Available in Plus.,"0, 2, 4, 6, 8, 10, 12, 14, 16, 18, 20","Available, Available, Available, Available, Available, Last Few Items, Available, Available, Available, Available, Last Few Items",
https://shop.mango.com/us/en/p/women/dresses-and-jumpsuits/dresses/polka-dot-dress-with-belt_87086354,87086354,"Party and ceremony collection. Available in Plus. Straight design. Midi design. Polka-dot print. Shirt Collar. Short sleeve. Belt loops. Belt buckle fastening. Pleats detail. Front button closure. This garment is part of our event collection, designed to make you the perfect guest at any party, wedding, or ceremony.","0, 2, 4, 6, 8, 10, 12, 14, 16, 18, 20","Not Available, Available, Available, Available, Not Available, Not Available, Not Available, Last Few Items, Not Available, Not Available, Not Available",
https://shop.mango.com/us/en/p/women/dresses-and-jumpsuits/dresses/polka-dot-shirt-dress-with-knot-detail_87004080,87004080,Straight design. Long design. Polka-dot print. Shirt Collar. Long sleeve with buttoned cuffs. Knot detail. Button Closure at the Front. Available in Plus.,"0, 2, 4, 6, 8, 10, 12, 14, 16, 18, 20","Last Few Items, Available, Available, Available, Available, Last Few Items, Not Available, Not Available, Not Available, Not Available, Not Available",
https://shop.mango.com/us/en/p/women/dresses-and-jumpsuits/dresses/printed-dress-with-asymmetrical-neck_87037182,87037182,"Midi design. Straight design. Abstract leaf print. Asymmetric neckline. Sleeveless. Side zipper closure. Available in Plus. This garment is part of our event collection, designed to make you the perfect guest at any party, wedding, or ceremony.","0, 2, 4, 6, 8, 10, 12, 14, 16, 18, 20","Last Few Items, Available, Available, Available, Available, Available, Last Few Items, Last Few Items, Last Few Items, Last Few Items, Last Few Items",
https://shop.mango.com/us/en/p/women/dresses-and-jumpsuits/dresses/printed-dress-with-cut-out_17011166?c=76,17011166,Midi design. Straight design. Printed Design. Round neck. Sleeveless. Wide straps. Cut-out detail on the sides. Side opening at the hem. Back zipper closure. Available in Plus.,"0, 2, 4, 6, 8, 10, 12","Available, Available, Available, Available, Available, Available, Available",
https://shop.mango.com/us/en/p/women/dresses-and-jumpsuits/dresses/printed-dress-with-openings_77020346,77020346,Fluid fabric. A-line design. Midi design. Cut-out. Round neck. Sleeveless. Invisible back zip fastening. Side slits. Available in Plus. Printed Design.,"0, 2, 4, 6, 8, 10, 12, 14, 16, 18, 20","Not Available, Not Available, Last Few Items, Last Few Items, Last Few Items, Available, Not Available, Last Few Items, Last Few Items, Last Few Items, Not Available",
https://shop.mango.com/us/en/p/women/dresses-and-jumpsuits/dresses/printed-shirt-dress-with-belt_87029066?c=52,87029066,Midi design. Straight design. Abstract-print. Shirt Collar. Sleeveless. Belt loops. Removable belt. Button Closure at the Front. Available in Plus.,"0, 2, 4, 6, 8, 10, 12, 14, 16, 18, 20","Available, Available, Available, Available, Available, Available, Available, Available, Available, Available, Available",
https://shop.mango.com/us/en/p/women/dresses-and-jumpsuits/dresses/printed-shirt-dress_77037721,77037721,Lightweight fabric. Straight design. Long design. Printed Design. Shirt Collar. Long buttoned sleeves. Two flap pockets on the front. Button Closure at the Front. Bow on the waist. Available in Plus.,"0, 2, 4, 6, 8, 10, 12, 14, 16, 18, 20","Last Few Items, Not Available, Not Available, Not Available, Not Available, Not Available, Not Available, Not Available, Not Available, Not Available, Not Available",
https://shop.mango.com/us/en/p/women/dresses-and-jumpsuits/dresses/ramie-paisley-dress_87027184,87027184,A-line design. Midi design. Paisley print. V-neck. Sleeveless. Two side pockets. Available in Plus.,"0, 2, 4, 6, 8, 10, 12, 14, 16, 18, 20","Available, Last Few Items, Available, Available, Available, Available, Available, Available, Available, Last Few Items, Last Few Items",
https://shop.mango.com/us/en/p/women/dresses-and-jumpsuits/dresses/ruffled-floral-print-dress_87009070,87009070,Long design. A-line design. Floral print. V-neck. Ruffled straps. Sleeveless. Side zipper closure. Available in Plus.,"0, 2, 4, 6, 8, 10, 12, 14, 16, 18, 20","Last Few Items, Available, Available, Available, Available, Available, Not Available, Available, Available, Last Few Items, Last Few Items",
https://shop.mango.com/us/en/p/women/dresses-and-jumpsuits/dresses/side-slit-knit-dress_87060425,87060425,Knitted fabric. Straight design. Round neck. Short sleeve. Side slits. Side bow fastening. No closure. Long design. Turtleneck. Fine knit fabric. Long sleeves. Crochet fabric. Midi design. Perkins collar. Opening at the bottom.,"0, 2, 4, 6, 8, 10, 12, 14, 16, 18, 20","Not Available, Available, Available, Available, Not Available, Last Few Items, Not Available, Not Available, Not Available, Not Available, Not Available",
https://shop.mango.com/us/en/p/women/dresses-and-jumpsuits/dresses/stripe-print-dress-with-bow_77020364,77020364,Fluid fabric. A-line design. Long design. Striped print. V-neck. V-neckline in the back. Sleeveless. Wide straps. Available in Plus. Tie closure at the back.,"0, 2, 4, 6, 8, 10, 12, 14, 16, 18, 20","Not Available, Available, Available, Available, Available, Not Available, Not Available, Not Available, Last Few Items, Last Few Items, Not Available",
https://shop.mango.com/us/en/p/women/dresses-and-jumpsuits/dresses/stripe-print-midi-dress_87044093,87044093,Fluid fabric with satin finish. Asymmetric design. Midi design. Striped print. Perkins collar. Short sleeve. Asymmetric sleeves. Back zipper closure. Inner lining. Available in Plus.,"0, 2, 4, 6, 8, 10, 12, 14, 16, 18, 20","Available, Available, Available, Available, Available, Available, Last Few Items, Available, Last Few Items, Last Few Items, Last Few Items",
https://shop.mango.com/us/en/p/women/dresses-and-jumpsuits/dresses/zebra-shirt-dress_87045748,87045748,Fluid fabric. Zebra print. Animal print. Shirt-style. Midi design. A-line design. Shirt Collar. Short sleeve. Button Closure at the Front. Adjustable waist tie. Belt loops.,"0, 2, 4, 6, 8, 10, 12, 14, 16, 18, 20","Available, Last Few Items, Available, Available, Last Few Items, Last Few Items, Last Few Items, Last Few Items, Last Few Items, Not Available, Last Few Items",
https://shop.mango.com/us/en/p/women/dresses-and-jumpsuits/jumpsuits/asymmetrical-jumpsuit-with-draped-detail_87077891,87077891,"Long design. Fitted design. Asymmetric neckline. Sleeveless. Draped waist. Side zipper closure. Available in Plus. This garment is part of our event collection, designed to make you the perfect guest at any party, wedding, or ceremony.","XXS, XS, S, M, L, XL, XXL, 1XL, 2XL, 3XL, 4XL","Not Available, Available, Available, Available, Last Few Items, Not Available, Not Available, Not Available, Last Few Items, Not Available, Last Few Items",
https://shop.mango.com/us/en/p/women/dresses-and-jumpsuits/jumpsuits/belt-long-jumpsuit_77030334,77030334,Denim-style cotton fabric. Seersucker fabric. Long design. Straight design. Shirt Collar. Short sleeve. Two side pockets. Removable belt. Belt loops. Adjustable belt. Available in Plus. Front button closure. 100% cotton fabric. Shirt-style. Flared short sleeve. Front button closure.,"XXS, XS, S, M, L, XL, XXL, 1XL, 2XL, 3XL, 4XL","Available, Last Few Items, Not Available, Not Available, Not Available, Not Available, Not Available, Not Available, Not Available, Not Available, Not Available",
https://shop.mango.com/us/en/p/women/dresses-and-jumpsuits/jumpsuits/belt-long-jumpsuit_87074092,87074092,Long design. Straight design. Draped neckline. Perkins collar. Sleeveless. Belt loops. Belt buckle fastening. Back zipper closure. Available in Plus.,"XXS, XS, S, M, L, XL, XXL, 1XL, 2XL, 3XL, 4XL","Not Available, Not Available, Not Available, Not Available, Not Available, Not Available, Not Available, Last Few Items, Not Available, Not Available, Not Available",
https://shop.mango.com/us/en/p/women/dresses-and-jumpsuits/jumpsuits/flowy-denim-jumpsuit-with-belt_87098642,87098642,Cotton fabric. Soft denim. Long design. Straight design. Round neck. Sleeveless. Wide straps. Belt loops. Belt buckle fastening. Two side pockets. Back zipper closure. Available in Plus.,"XXS, XS, S, M, L, XL, XXL, 1XL, 2XL, 3XL, 4XL","Available, Available, Available, Available, Available, Available, Available, Last Few Items, Last Few Items, Last Few Items, Last Few Items",
https://shop.mango.com/us/en/p/women/dresses-and-jumpsuits/jumpsuits/jumpsuit-with-pockets-and-shirt-collar_77054042,77054042,Fluid fabric. Long design. Straight design. Shirt Collar. Sleeveless. Elastic waistband. Two patch pockets at the front. Available in Plus. Concealed front button fastening. The model is 1.76 tall and is wearing a size 36.,"XXS, XS, S, M, L, XL, XXL, 1XL, 2XL, 3XL, 4XL","Not Available, Not Available, Available, Not Available, Not Available, Not Available, Not Available, Not Available, Not Available, Not Available, Not Available",
https://shop.mango.com/us/en/p/women/dresses-and-jumpsuits/jumpsuits/linen-jumpsuit-with-polka-dots-and-belt_87077161,87077161,Linen blend fabric. Long design. Straight design. Polka-dot print. Round neck. Sleeveless. Belt buckle fastening. Back zipper closure. Available in Plus.,"XXS, XS, S, M, L, XL, XXL, 1XL, 2XL, 3XL, 4XL","Not Available, Not Available, Not Available, Available, Available, Available, Last Few Items, Available, Last Few Items, Last Few Items, Last Few Items",
https://shop.mango.com/us/en/p/women/dresses-and-jumpsuits/jumpsuits/linen-shirt-jumpsuit-with-belt_87087163?c=43,87087163,100% linen fabric. Long design. Shirt-style V-neck collar. Sleeveless. Removable leather braided belt. Front closure.,"XXS, XS, S, M, L, XL, XXL","Last Few Items, Available, Available, Available, Not Available, Not Available, Last Few Items",
https://shop.mango.com/us/en/p/women/dresses-and-jumpsuits/jumpsuits/long-asymmetrical-draped-jumpsuit_87086351,87086351,"Long design. Straight design. Asymmetric neckline. Gathered detail on sleeves. Draped waist. Side zipper closure. Inner lining. Party and ceremony collection. Available in Plus. This garment is part of our event collection, designed to make you the perfect guest at any party, wedding, or ceremony.","XXS, XS, S, M, L, XL, XXL, 1XL, 2XL, 3XL, 4XL","Last Few Items, Not Available, Available, Available, Not Available, Not Available, Not Available, Not Available, Not Available, Last Few Items, Last Few Items",
https://shop.mango.com/us/en/p/women/dresses-and-jumpsuits/jumpsuits/long-cropped-jumpsuit-with-belt_87047184?c=52,87047184,Straight design. Boot cropped design. V-neck. Short sleeve. Belt loops. Removable belt. Two side pockets. Front pleat detail. Back zipper closure. Available in Plus.,"XXS, XS, S, M, L, XL, XXL, 1XL, 2XL, 3XL, 4XL","Last Few Items, Available, Available, Available, Available, Available, Available, Available, Available, Last Few Items, Last Few Items",
https://shop.mango.com/us/en/p/women/dresses-and-jumpsuits/jumpsuits/long-culotte-jumpsuit-with-draped-neck_87037195,87037195,Cotton blend fabric. Long design. Culotte design. Straight design. Draped neckline. Sleeveless. Wide straps. Back zipper closure. Available in Plus.,"XXS, XS, S, M, L, XL, XXL, 1XL, 2XL, 3XL, 4XL","Last Few Items, Available, Available, Available, Available, Available, Last Few Items, Last Few Items, Not Available, Last Few Items, Last Few Items",
https://shop.mango.com/us/en/p/women/dresses-and-jumpsuits/jumpsuits/long-jumpsuit-with-belt-and-buckle_87055754,87055754,Long design. Straight design. V-neck. Short sleeve. Belt loops. Belt buckle fastening. Back zipper closure. Available in Plus.,"XXS, XS, S, M, L, XL, XXL, 1XL, 2XL, 3XL, 4XL","Not Available, Last Few Items, Available, Available, Not Available, Not Available, Not Available, Not Available, Not Available, Not Available, Last Few Items",
https://shop.mango.com/us/en/p/women/dresses-and-jumpsuits/jumpsuits/pinstripe-jumpsuit-with-belt_87034069,87034069,Fluid fabric. Straight design. Long design. V-neck. Sleeveless. Button Closure at the Front. Adjustable belt.,"XXS, XS, S, M, L, XL, XXL, 1XL, 2XL, 3XL, 4XL","Not Available, Available, Last Few Items, Available, Last Few Items, Not Available, Not Available, Last Few Items, Not Available, Last Few Items, Last Few Items",
https://shop.mango.com/us/en/p/women/dresses-and-jumpsuits/jumpsuits/printed-strapless-jumpsuit_87067173,87067173,Straight design. Long design. Turn-down neckline. Strapless. Sleeveless. Abstract-print. Back zipper closure. Elastic ruched panel at back. Available in Plus. Straps for greater support from size 1XL.,"XXS, XS, S, M, L, XL, XXL, 1XL, 2XL, 3XL, 4XL","Not Available, Last Few Items, Last Few Items, Not Available, Available, Not Available, Last Few Items, Not Available, Not Available, Not Available, Not Available",
https://shop.mango.com/us/en/p/women/dresses-and-jumpsuits/jumpsuits/shirt-jumpsuit-with-bow_77060354,77060354,Fluid fabric. Long design. Straight design. Striped print. Shirt Collar. Short sleeve. Adjustable loop closure. Available in Plus. Festival Season. Front button closure.,"XXS, XS, S, M, L, XL, XXL, 1XL, 2XL, 3XL, 4XL","Not Available, Available, Available, Not Available, Not Available, Not Available, Not Available, Not Available, Not Available, Not Available, Last Few Items",
https://shop.mango.com/us/en/p/women/dresses-and-jumpsuits/jumpsuits/straight-fit-jumpsuit-with-belt_87075744,87075744,Straight design. Long design. Shirt Collar. Sleeveless. Nightgown-style belt. Two side pockets. Front closure with hidden buttons and placket. Available in Plus.,"XXS, XS, S, M, L, XL, XXL, 1XL, 2XL, 3XL, 4XL","Last Few Items, Last Few Items, Available, Available, Not Available, Not Available, Not Available, Not Available, Not Available, Last Few Items, Last Few Items",
https://shop.mango.com/us/en/p/women/dresses-and-jumpsuits/jumpsuits/straight-fit-short-sleeved-jumpsuit-with-belt_87077907?c=05,87077907,Long design. Straight design. Round neck. Short sleeve. Belt loops. Belt buckle fastening. Button closure at the back. Available in Plus.,"XS, S, M, L, XL","Available, Available, Available, Available, Available",
