https://shop.mango.com/us/en/p/women/dresses-and-jumpsuits/dresses/belt-linen-dress_87057164,Beige
https://shop.mango.com/us/en/p/women/dresses-and-jumpsuits/jumpsuits/pinstripe-jumpsuit-with-belt_87034069,Billiard Green
https://shop.mango.com/us/en/p/women/dresses-and-jumpsuits/dresses/animal-print-ruffled-dress_87010622,Black
https://shop.mango.com/us/en/p/women/dresses-and-jumpsuits/dresses/asymmetrical-dress-with-belt_87064801,Black
https://shop.mango.com/us/en/p/women/dresses-and-jumpsuits/dresses/bow-wrap-dress_77029060,Black
https://shop.mango.com/us/en/p/women/dresses-and-jumpsuits/dresses/cotton-midi-dress-with-knot-detail_87077173,Black
https://shop.mango.com/us/en/p/women/dresses-and-jumpsuits/dresses/flared-midi-dress_87054072,Black
https://shop.mango.com/us/en/p/women/dresses-and-jumpsuits/dresses/floral-puff-sleeve-dress_87080642,Black
https://shop.mango.com/us/en/p/women/dresses-and-jumpsuits/dresses/leopard-print-dress-with-frayed-ends_87055752,Black
https://shop.mango.com/us/en/p/women/dresses-and-jumpsuits/dresses/linen-blend-midi-dress-with-belt_87009078?l=01,Black
https://shop.mango.com/us/en/p/women/dresses-and-jumpsuits/dresses/midi-floral-dress_87027183,Black
https://shop.mango.com/us/en/p/women/dresses-and-jumpsuits/dresses/perkins-neck-knitted-dress_87070425,Black
https://shop.mango.com/us/en/p/women/dresses-and-jumpsuits/dresses/polka-dot-shirt-dress-with-knot-detail_87004080,Black
https://shop.mango.com/us/en/p/women/dresses-and-jumpsuits/dresses/printed-dress-with-openings_77020346,Black
https://shop.mango.com/us/en/p/women/dresses-and-jumpsuits/dresses/side-slit-knit-dress_87060425,Black
https://shop.mango.com/us/en/p/women/dresses-and-jumpsuits/dresses/stripe-print-midi-dress_87044093,Black
https://shop.mango.com/us/en/p/women/dresses-and-jumpsuits/dresses/zebra-shirt-dress_87045748,Black
https://shop.mango.com/us/en/p/women/dresses-and-jumpsuits/jumpsuits/asymmetrical-jumpsuit-with-draped-detail_87077891,Black
https://shop.mango.com/us/en/p/women/dresses-and-jumpsuits/jumpsuits/jumpsuit-with-pockets-and-shirt-collar_77054042,Black
https://shop.mango.com/us/en/p/women/dresses-and-jumpsuits/jumpsuits/long-culotte-jumpsuit-with-draped-neck_87037195,Black
https://shop.mango.com/us/en/p/women/dresses-and-jumpsuits/jumpsuits/printed-strapless-jumpsuit_87067173,Black
https://shop.mango.com/us/en/p/women/dresses-and-jumpsuits/jumpsuits/straight-fit-jumpsuit-with-belt_87075744,Black
https://shop.mango.com/us/en/p/women/dresses-and-jumpsuits/dresses/asymmetrical-bow-neck-dress_87086350?c=52,Blue
https://shop.mango.com/us/en/p/women/dresses-and-jumpsuits/dresses/button-crochet-dress_77010366,Blue
https://shop.mango.com/us/en/p/women/dresses-and-jumpsuits/dresses/combined-striped-flared-dress_87007204,Blue
https://shop.mango.com/us/en/p/women/dresses-and-jumpsuits/dresses/draped-shirt-dress_77014035,Blue
https://shop.mango.com/us/en/p/women/dresses-and-jumpsuits/dresses/long-floral-dress-with-short-sleeves_87019068,Blue
https://shop.mango.com/us/en/p/women/dresses-and-jumpsuits/dresses/long-floral-print-dress_77012928,Blue
https://shop.mango.com/us/en/p/women/dresses-and-jumpsuits/dresses/midi-dress-with-puffed-hem_87009072,Blue
https://shop.mango.com/us/en/p/women/dresses-and-jumpsuits/dresses/paisley-flared-dress-with-belt_87028649,Blue
https://shop.mango.com/us/en/p/women/dresses-and-jumpsuits/dresses/printed-shirt-dress-with-belt_87029066?c=52,Blue
https://shop.mango.com/us/en/p/women/dresses-and-jumpsuits/dresses/ruffled-floral-print-dress_87009070,Blue
https://shop.mango.com/us/en/p/women/dresses-and-jumpsuits/dresses/stripe-print-dress-with-bow_77020364,Blue
https://shop.mango.com/us/en/p/women/dresses-and-jumpsuits/jumpsuits/long-cropped-jumpsuit-with-belt_87047184?c=52,Blue
https://shop.mango.com/us/en/p/women/dresses-and-jumpsuits/jumpsuits/shirt-jumpsuit-with-bow_77060354,Blue
https://shop.mango.com/us/en/p/women/dresses-and-jumpsuits/dresses/animal-print-ruffle-dress_87030621,Brown
https://shop.mango.com/us/en/p/women/dresses-and-jumpsuits/dresses/combined-fabric-long-dress_87059211,Brown
https://shop.mango.com/us/en/p/women/dresses-and-jumpsuits/dresses/draped-neck-lyocell-dress_87017198?c=30,Brown
https://shop.mango.com/us/en/p/women/dresses-and-jumpsuits/dresses/draped-textured-dress_87068270,Brown
https://shop.mango.com/us/en/p/women/dresses-and-jumpsuits/dresses/floral-dress-with-draped-neck_87007200,Brown
https://shop.mango.com/us/en/p/women/dresses-and-jumpsuits/dresses/perkins-neck-textured-dress_87067178,Brown
https://shop.mango.com/us/en/p/women/dresses-and-jumpsuits/dresses/printed-dress-with-asymmetrical-neck_87037182,Brown
https://shop.mango.com/us/en/p/women/dresses-and-jumpsuits/dresses/zebra-back-bow-satin-dress_87084092,Brown
https://shop.mango.com/us/en/p/women/dresses-and-jumpsuits/jumpsuits/linen-jumpsuit-with-polka-dots-and-belt_87077161,Chocolate
https://shop.mango.com/us/en/p/women/dresses-and-jumpsuits/dresses/midi-dress-with-straps_77010369?c=87,Coral Red
https://shop.mango.com/us/en/p/women/dresses-and-jumpsuits/dresses/knitted-midi-dress-with-lapels_87097185,Dark Navy
https://shop.mango.com/us/en/p/women/dresses-and-jumpsuits/dresses/boat-neck-knitted-dress_87057180?c=05,Ecru
https://shop.mango.com/us/en/p/women/dresses-and-jumpsuits/dresses/bow-shirt-dress_87007188,Ecru
https://shop.mango.com/us/en/p/women/dresses-and-jumpsuits/dresses/fitted-midi-dress_17091199,Ecru
https://shop.mango.com/us/en/p/women/dresses-and-jumpsuits/dresses/floral-linen-blend-dress_87057163,Ecru
https://shop.mango.com/us/en/p/women/dresses-and-jumpsuits/dresses/floral-print-flared-dress_17031287,Ecru
https://shop.mango.com/us/en/p/women/dresses-and-jumpsuits/dresses/short-button-down-linen-blend-dress_87039065,Ecru
https://shop.mango.com/us/en/p/women/dresses-and-jumpsuits/jumpsuits/long-jumpsuit-with-belt-and-buckle_87055754,Ecru
https://shop.mango.com/us/en/p/women/dresses-and-jumpsuits/jumpsuits/straight-fit-short-sleeved-jumpsuit-with-belt_87077907?c=05,Ecru
https://shop.mango.com/us/en/p/women/dresses-and-jumpsuits/dresses/midi-dress-with-draped-detail_77000368?c=43,Green
https://shop.mango.com/us/en/p/women/dresses-and-jumpsuits/dresses/ramie-paisley-dress_87027184,Green
https://shop.mango.com/us/en/p/women/dresses-and-jumpsuits/jumpsuits/linen-shirt-jumpsuit-with-belt_87087163?c=43,Green
https://shop.mango.com/us/en/p/women/dresses-and-jumpsuits/dresses/draped-straight-dress_87007190?c=54,Indigo Blue
https://shop.mango.com/us/en/p/women/dresses-and-jumpsuits/dresses/cotton-midi-dress_87090417?c=37,Khaki
https://shop.mango.com/us/en/p/women/dresses-and-jumpsuits/dresses/draped-neck-modal-dress_87089210,Khaki
https://shop.mango.com/us/en/p/women/dresses-and-jumpsuits/dresses/flared-dress-in-combined-fabric_87057187?c=37,Khaki
https://shop.mango.com/us/en/p/women/dresses-and-jumpsuits/dresses/linen-and-lyocell-blend-shirt-dress-with-belt_87055750,Khaki
https://shop.mango.com/us/en/p/women/dresses-and-jumpsuits/dresses/printed-bow-dress_77060344,Lime
https://shop.mango.com/us/en/p/women/dresses-and-jumpsuits/dresses/long-printed-dress_77075657,Maroon
https://shop.mango.com/us/en/p/women/dresses-and-jumpsuits/dresses/printed-dress-with-cut-out_17011166?c=76,Maroon
https://shop.mango.com/us/en/p/women/dresses-and-jumpsuits/dresses/asymmetrical-linen-dress_87027165?c=09,Medium Brown
https://shop.mango.com/us/en/p/women/dresses-and-jumpsuits/dresses/short-knitted-turtleneck-dress_87040284?c=94,Medium Heather Grey
https://shop.mango.com/us/en/p/women/dresses-and-jumpsuits/jumpsuits/belt-long-jumpsuit_77030334,Night Blue
https://shop.mango.com/us/en/p/women/dresses-and-jumpsuits/jumpsuits/flowy-denim-jumpsuit-with-belt_87098642,Night Blue
https://shop.mango.com/us/en/p/women/dresses-and-jumpsuits/dresses/polka-dot-dress-with-belt_87086354,Off White
https://shop.mango.com/us/en/p/women/dresses-and-jumpsuits/dresses/printed-shirt-dress_77037721,Purple
https://shop.mango.com/us/en/p/women/dresses-and-jumpsuits/dresses/bow-printed-dress_77010347?c=70,Red
https://shop.mango.com/us/en/p/women/dresses-and-jumpsuits/dresses/long-printed-dress_17031161,Red
https://shop.mango.com/us/en/p/women/dresses-and-jumpsuits/jumpsuits/long-asymmetrical-draped-jumpsuit_87086351,Red
https://shop.mango.com/us/en/p/women/dresses-and-jumpsuits/dresses/embroidered-shirt-dress-with-belt_87029065,White
https://shop.mango.com/us/en/p/women/dresses-and-jumpsuits/dresses/flared-midi-dress_17001283,White
https://shop.mango.com/us/en/p/women/dresses-and-jumpsuits/jumpsuits/belt-long-jumpsuit_87074092,Wine
