Product URL,Image URL
https://shop.mango.com/us/en/p/women/dresses-and-jumpsuits/dresses/animal-print-ruffle-dress_87030621,https://shop.mango.com/assets/rcs/pics/static/T8/fotos/S/87030621_30.jpg?imwidth=493&imdensity=1&ts=1732628083045
https://shop.mango.com/us/en/p/women/dresses-and-jumpsuits/dresses/animal-print-ruffled-dress_87010622,https://shop.mango.com/assets/rcs/pics/static/T8/fotos/S/87010622_99.jpg?imwidth=493&imdensity=1&ts=1732282475796
https://shop.mango.com/us/en/p/women/dresses-and-jumpsuits/dresses/asymmetric-draped-gown_87060609,https://shop.mango.com/assets/rcs/pics/static/T8/fotos/S/87060609_70.jpg?imwidth=493&imdensity=1&ts=1732633468755
https://shop.mango.com/us/en/p/women/dresses-and-jumpsuits/dresses/asymmetrical-combined-dress_77097688,https://shop.mango.com/assets/rcs/pics/static/T7/fotos/S/77097688_99.jpg?imwidth=493&imdensity=1&ts=1726238014290
https://shop.mango.com/us/en/p/women/dresses-and-jumpsuits/dresses/asymmetrical-draped-short-dress_87075746,https://shop.mango.com/assets/rcs/pics/static/T8/fotos/S/87075746_52.jpg?imwidth=493&imdensity=1&ts=1738257168890
https://shop.mango.com/us/en/p/women/dresses-and-jumpsuits/dresses/asymmetrical-puff-sleeve-dress_87052532,https://shop.mango.com/assets/rcs/pics/static/T8/fotos/S/87052532_01.jpg?imwidth=493&imdensity=1&ts=1731942303235
https://shop.mango.com/us/en/p/women/dresses-and-jumpsuits/dresses/balloon-effect-textured-dress_87097718,https://shop.mango.com/assets/rcs/pics/static/T8/fotos/S/87097718_01.jpg?imwidth=493&imdensity=1&ts=1741770302501
https://shop.mango.com/us/en/p/women/dresses-and-jumpsuits/dresses/belt-shirt-dress_87060583,https://shop.mango.com/assets/rcs/pics/static/T8/fotos/S/87060583_08.jpg?imwidth=493&imdensity=1&ts=1732017874845
https://shop.mango.com/us/en/p/women/dresses-and-jumpsuits/dresses/belted-blazer-dress_87070630,https://shop.mango.com/assets/rcs/pics/static/T8/fotos/S/87070630_99.jpg?imwidth=493&imdensity=1&ts=1732122349140
https://shop.mango.com/us/en/p/women/dresses-and-jumpsuits/dresses/bow-wrap-dress_77029060,https://shop.mango.com/assets/rcs/pics/static/T7/fotos/S/77029060_99.jpg?imwidth=493&imdensity=1&ts=1729078461500
https://shop.mango.com/us/en/p/women/dresses-and-jumpsuits/dresses/buckle-wrap-dress_67010468,https://shop.mango.com/assets/rcs/pics/static/T6/fotos/S/67010468_99.jpg?imwidth=493&imdensity=1&ts=1728405261860
https://shop.mango.com/us/en/p/women/dresses-and-jumpsuits/dresses/button-knit-dress_87070585,https://shop.mango.com/assets/rcs/pics/static/T8/fotos/S/87070585_56.jpg?imwidth=493&imdensity=1&ts=1730898270771
https://shop.mango.com/us/en/p/women/dresses-and-jumpsuits/dresses/combined-dress-with-puffed-hem_87069208,https://shop.mango.com/assets/rcs/pics/static/T8/fotos/S/87069208_01.jpg?imwidth=493&imdensity=1&ts=1744641321430
https://shop.mango.com/us/en/p/women/dresses-and-jumpsuits/dresses/combined-short-knitted-dress_87060639,https://shop.mango.com/assets/rcs/pics/static/T8/fotos/S/87060639_08.jpg?imwidth=493&imdensity=1&ts=1730363685733
https://shop.mango.com/us/en/p/women/dresses-and-jumpsuits/dresses/cotton-dress-with-draped-collar_87014426,https://shop.mango.com/assets/rcs/pics/static/T8/fotos/S/87014426_05.jpg?imwidth=493&imdensity=1&ts=1736870697625
https://shop.mango.com/us/en/p/women/dresses-and-jumpsuits/dresses/cotton-dress-with-frayed-neckline_87058275,https://shop.mango.com/assets/rcs/pics/static/T8/fotos/S/87058275_08.jpg?imwidth=493&imdensity=1&ts=1741865762257
https://shop.mango.com/us/en/p/women/dresses-and-jumpsuits/dresses/cotton-wrap-dress_87090579,https://shop.mango.com/assets/rcs/pics/static/T8/fotos/S/87090579_70.jpg?imwidth=493&imdensity=1&ts=1730977479743
https://shop.mango.com/us/en/p/women/dresses-and-jumpsuits/dresses/crochet-a-line-dress_87077172,https://shop.mango.com/assets/rcs/pics/static/T8/fotos/S/87077172_02.jpg?imwidth=493&imdensity=1&ts=1743766540265
https://shop.mango.com/us/en/p/women/dresses-and-jumpsuits/dresses/crochet-knitted-dress_87012533,https://shop.mango.com/assets/rcs/pics/static/T8/fotos/S/87012533_37.jpg?imwidth=493&imdensity=1&ts=1730990074921
https://shop.mango.com/us/en/p/women/dresses-and-jumpsuits/dresses/crochet-short-dress_87088642,https://shop.mango.com/assets/rcs/pics/static/T8/fotos/S/87088642_99.jpg?imwidth=493&imdensity=1&ts=1744652120973
https://shop.mango.com/us/en/p/women/dresses-and-jumpsuits/dresses/denim-dress-with-puffed-hem_17031268,https://shop.mango.com/assets/rcs/pics/static/T1/fotos/S/17031268_01.jpg?imwidth=493&imdensity=1&ts=1746455724544
https://shop.mango.com/us/en/p/women/dresses-and-jumpsuits/dresses/denim-jumpsuit-short_17041199,https://shop.mango.com/assets/rcs/pics/static/T1/fotos/S/17041199_TS.jpg?imwidth=493&imdensity=1&ts=1745499919848
https://shop.mango.com/us/en/p/women/dresses-and-jumpsuits/dresses/denim-wrap-dress_87070588,https://shop.mango.com/assets/rcs/pics/static/T8/fotos/S/87070588_TO.jpg?imwidth=493&imdensity=1&ts=1735572871111
https://shop.mango.com/us/en/p/women/dresses-and-jumpsuits/dresses/draped-body-balloon-skirt-dress_87095757,https://shop.mango.com/assets/rcs/pics/static/T8/fotos/S/87095757_05.jpg?imwidth=493&imdensity=1&ts=1738674318213
https://shop.mango.com/us/en/p/women/dresses-and-jumpsuits/dresses/draped-satin-dress-with-bow-detail_87085991,https://shop.mango.com/assets/rcs/pics/static/T8/fotos/S/87085991_50.jpg?imwidth=493&imdensity=1&ts=1740479697398
https://shop.mango.com/us/en/p/women/dresses-and-jumpsuits/dresses/draped-textured-dress_87068270,https://shop.mango.com/assets/rcs/pics/static/T8/fotos/S/87068270_30.jpg?imwidth=493&imdensity=1&ts=1741943104693
https://shop.mango.com/us/en/p/women/dresses-and-jumpsuits/dresses/draped-textured-dress_87068270?c=43,https://shop.mango.com/assets/rcs/pics/static/T8/fotos/S/87068270_43.jpg?imwidth=493&imdensity=1&ts=1742229325614
https://shop.mango.com/us/en/p/women/dresses-and-jumpsuits/dresses/fitted-textured-knitted-dress_87079064,https://shop.mango.com/assets/rcs/pics/static/T8/fotos/S/87079064_05.jpg?imwidth=493&imdensity=1&ts=1744808720959
https://shop.mango.com/us/en/p/women/dresses-and-jumpsuits/dresses/floral-crochet-dress_77070384,https://shop.mango.com/assets/rcs/pics/static/T7/fotos/S/77070384_05.jpg?imwidth=493&imdensity=1&ts=1716474856821
https://shop.mango.com/us/en/p/women/dresses-and-jumpsuits/dresses/floral-print-dress-with-knot_87070581,https://shop.mango.com/assets/rcs/pics/static/T8/fotos/S/87070581_05.jpg?imwidth=493&imdensity=1&ts=1732795502411
https://shop.mango.com/us/en/p/women/dresses-and-jumpsuits/dresses/halter-dress-with-feather-decoration_87010271,https://shop.mango.com/assets/rcs/pics/static/T8/fotos/S/87010271_99.jpg?imwidth=493&imdensity=1&ts=1730727247331
https://shop.mango.com/us/en/p/women/dresses-and-jumpsuits/dresses/halter-dress-with-feather-decoration_87025971,https://shop.mango.com/assets/rcs/pics/static/T8/fotos/S/87025971_05.jpg?imwidth=493&imdensity=1&ts=1740477906872
https://shop.mango.com/us/en/p/women/dresses-and-jumpsuits/dresses/knitted-dress-openwork-details_87097190,https://shop.mango.com/assets/rcs/pics/static/T8/fotos/S/87097190_05.jpg?imwidth=493&imdensity=1&ts=1741170890483
https://shop.mango.com/us/en/p/women/dresses-and-jumpsuits/dresses/knitted-dress-with-bow-neckline_17061217,https://shop.mango.com/assets/rcs/pics/static/T1/fotos/S/17061217_99.jpg?imwidth=493&imdensity=1&ts=1745499919848
https://shop.mango.com/us/en/p/women/dresses-and-jumpsuits/dresses/knitted-dress-with-bow-neckline_17061217?c=70,https://shop.mango.com/assets/rcs/pics/static/T1/fotos/S/17061217_70.jpg?imwidth=493&imdensity=1&ts=1746012929579
https://shop.mango.com/us/en/p/women/dresses-and-jumpsuits/dresses/knitted-dress-with-combined-stripes_87087190,https://shop.mango.com/assets/rcs/pics/static/T8/fotos/S/87087190_69.jpg?imwidth=493&imdensity=1&ts=1740589544856
https://shop.mango.com/us/en/p/women/dresses-and-jumpsuits/dresses/knot-detail-shirt-dress_87012534,https://shop.mango.com/assets/rcs/pics/static/T8/fotos/S/87012534_70.jpg?imwidth=493&imdensity=1&ts=1731942303235
https://shop.mango.com/us/en/p/women/dresses-and-jumpsuits/dresses/lace-detail-shirt-dress_87090582,https://shop.mango.com/assets/rcs/pics/static/T8/fotos/S/87090582_52.jpg?imwidth=493&imdensity=1&ts=1730977479743
https://shop.mango.com/us/en/p/women/dresses-and-jumpsuits/dresses/leopard-print-flared-dress_77054073,https://shop.mango.com/assets/rcs/pics/static/T7/fotos/S/77054073_30.jpg?imwidth=493&imdensity=1&ts=1720794876005
https://shop.mango.com/us/en/p/women/dresses-and-jumpsuits/dresses/linen-dress-with-contrasting-details_77010365,https://shop.mango.com/assets/rcs/pics/static/T7/fotos/S/77010365_07.jpg?imwidth=493&imdensity=1&ts=1717090672143
https://shop.mango.com/us/en/p/women/dresses-and-jumpsuits/dresses/linen-dress-with-draped-collar_87010591,https://shop.mango.com/assets/rcs/pics/static/T8/fotos/S/87010591_70.jpg?imwidth=493&imdensity=1&ts=1731922543116
https://shop.mango.com/us/en/p/women/dresses-and-jumpsuits/dresses/mini-crochet-dress-with-bow_87059205,https://shop.mango.com/assets/rcs/pics/static/T8/fotos/S/87059205_01.jpg?imwidth=493&imdensity=1&ts=1745422524804
https://shop.mango.com/us/en/p/women/dresses-and-jumpsuits/dresses/open-back-crochet-dress_17051222,https://shop.mango.com/assets/rcs/pics/static/T1/fotos/S/17051222_32.jpg?imwidth=493&imdensity=1&ts=1746702324596
https://shop.mango.com/us/en/p/women/dresses-and-jumpsuits/dresses/open-back-crochet-dress_87067171,https://shop.mango.com/assets/rcs/pics/static/T8/fotos/S/87067171_32.jpg?imwidth=493&imdensity=1&ts=1741862091096
https://shop.mango.com/us/en/p/women/dresses-and-jumpsuits/dresses/open-back-knitted-dress_77039038,https://shop.mango.com/assets/rcs/pics/static/T7/fotos/S/77039038_99.jpg?imwidth=493&imdensity=1&ts=1728637557165
https://shop.mango.com/us/en/p/women/dresses-and-jumpsuits/dresses/perkins-neck-knitted-dress_87097184,https://shop.mango.com/assets/rcs/pics/static/T8/fotos/S/87097184_99.jpg?imwidth=493&imdensity=1&ts=1740652536521
https://shop.mango.com/us/en/p/women/dresses-and-jumpsuits/dresses/perkins-neck-knitted-dress_87097184?c=32,https://shop.mango.com/assets/rcs/pics/static/T8/fotos/S/87097184_32.jpg?imwidth=493&imdensity=1&ts=1742560508205
https://shop.mango.com/us/en/p/women/dresses-and-jumpsuits/dresses/printed-bow-dress_77060344,https://shop.mango.com/assets/rcs/pics/static/T7/fotos/S/77060344_14.jpg?imwidth=493&imdensity=1&ts=1715699028438
https://shop.mango.com/us/en/p/women/dresses-and-jumpsuits/dresses/printed-dress-with-openings_67028648,https://shop.mango.com/assets/rcs/pics/static/T6/fotos/S/67028648_52.jpg?imwidth=493&imdensity=1&ts=1712133650551
https://shop.mango.com/us/en/p/women/dresses-and-jumpsuits/dresses/printed-dress-with-turn-down-neckline_77040628,https://shop.mango.com/assets/rcs/pics/static/T7/fotos/S/77040628_43.jpg?imwidth=493&imdensity=1&ts=1716288250646
https://shop.mango.com/us/en/p/women/dresses-and-jumpsuits/dresses/ruffle-knit-dress_17021263,https://shop.mango.com/assets/rcs/pics/static/T1/fotos/S/17021263_99.jpg?imwidth=493&imdensity=1&ts=1746716743666
https://shop.mango.com/us/en/p/women/dresses-and-jumpsuits/dresses/semi-transparent-feather-dress_87020274,https://shop.mango.com/assets/rcs/pics/static/T8/fotos/S/87020274_57.jpg?imwidth=493&imdensity=1&ts=1730727247331
https://shop.mango.com/us/en/p/women/dresses-and-jumpsuits/dresses/sequin-embellishment-ruffle-dress_87000361,https://shop.mango.com/assets/rcs/pics/static/T8/fotos/S/87000361_99.jpg?imwidth=493&imdensity=1&ts=1730727247331
https://shop.mango.com/us/en/p/women/dresses-and-jumpsuits/dresses/sequined-halter-neck-dress_77039064,https://shop.mango.com/assets/rcs/pics/static/T7/fotos/S/77039064_78.jpg?imwidth=493&imdensity=1&ts=1727960679465
https://shop.mango.com/us/en/p/women/dresses-and-jumpsuits/dresses/short-asymmetrical-sleeve-dress_87094090,https://shop.mango.com/assets/rcs/pics/static/T8/fotos/S/87094090_99.jpg?imwidth=493&imdensity=1&ts=1736516089052
https://shop.mango.com/us/en/p/women/dresses-and-jumpsuits/dresses/short-balloon-effect-dress_87029068,https://shop.mango.com/assets/rcs/pics/static/T8/fotos/S/87029068_20.jpg?imwidth=493&imdensity=1&ts=1744713323896
https://shop.mango.com/us/en/p/women/dresses-and-jumpsuits/dresses/short-balloon-effect-dress_87047181,https://shop.mango.com/assets/rcs/pics/static/T8/fotos/S/87047181_70.jpg?imwidth=493&imdensity=1&ts=1741188910818
https://shop.mango.com/us/en/p/women/dresses-and-jumpsuits/dresses/short-balloon-effect-gathered-dress_87035768,https://shop.mango.com/assets/rcs/pics/static/T8/fotos/S/87035768_99.jpg?imwidth=493&imdensity=1&ts=1739269522340
https://shop.mango.com/us/en/p/women/dresses-and-jumpsuits/dresses/short-belted-dress_87038652,https://shop.mango.com/assets/rcs/pics/static/T8/fotos/S/87038652_81.jpg?imwidth=493&imdensity=1&ts=1744621498417
https://shop.mango.com/us/en/p/women/dresses-and-jumpsuits/dresses/short-button-down-linen-blend-dress_87039065,https://shop.mango.com/assets/rcs/pics/static/T8/fotos/S/87039065_05.jpg?imwidth=493&imdensity=1&ts=1744713323896
https://shop.mango.com/us/en/p/women/dresses-and-jumpsuits/dresses/short-button-down-linen-blend-dress_87039065?c=74,https://shop.mango.com/assets/rcs/pics/static/T8/fotos/S/87039065_74.jpg?imwidth=493&imdensity=1&ts=1744713323896
https://shop.mango.com/us/en/p/women/dresses-and-jumpsuits/dresses/short-chiffon-combined-dress_87014425,https://shop.mango.com/assets/rcs/pics/static/T8/fotos/S/87014425_05.jpg?imwidth=493&imdensity=1&ts=1736872505863
https://shop.mango.com/us/en/p/women/dresses-and-jumpsuits/dresses/short-combined-dress_87099208,https://shop.mango.com/assets/rcs/pics/static/T8/fotos/S/87099208_99.jpg?imwidth=493&imdensity=1&ts=1741188910818
https://shop.mango.com/us/en/p/women/dresses-and-jumpsuits/dresses/short-cut-out-dress-with-bows_87049067,https://shop.mango.com/assets/rcs/pics/static/T8/fotos/S/87049067_50.jpg?imwidth=493&imdensity=1&ts=1744621498417
https://shop.mango.com/us/en/p/women/dresses-and-jumpsuits/dresses/short-dress-with-combined-design_87099209,https://shop.mango.com/assets/rcs/pics/static/T8/fotos/S/87099209_99.jpg?imwidth=493&imdensity=1&ts=1742229325614
https://shop.mango.com/us/en/p/women/dresses-and-jumpsuits/dresses/short-dress-with-gathered-panels_87018656,https://shop.mango.com/assets/rcs/pics/static/T8/fotos/S/87018656_56.jpg?imwidth=493&imdensity=1&ts=1747053340010
https://shop.mango.com/us/en/p/women/dresses-and-jumpsuits/dresses/short-dress-with-wide-straps_87028653,https://shop.mango.com/assets/rcs/pics/static/T8/fotos/S/87028653_02.jpg?imwidth=493&imdensity=1&ts=1744621498417
https://shop.mango.com/us/en/p/women/dresses-and-jumpsuits/dresses/short-flared-dress_87009096,https://shop.mango.com/assets/rcs/pics/static/T8/fotos/S/87009096_70.jpg?imwidth=493&imdensity=1&ts=1744713323896
https://shop.mango.com/us/en/p/women/dresses-and-jumpsuits/dresses/short-flared-knitted-dress_87095762,https://shop.mango.com/assets/rcs/pics/static/T8/fotos/S/87095762_99.jpg?imwidth=493&imdensity=1&ts=1738257168890
https://shop.mango.com/us/en/p/women/dresses-and-jumpsuits/dresses/short-floral-print-dress-with-ruffle-detail_87055766,https://shop.mango.com/assets/rcs/pics/static/T8/fotos/S/87055766_05.jpg?imwidth=493&imdensity=1&ts=1739269522340
https://shop.mango.com/us/en/p/women/dresses-and-jumpsuits/dresses/short-floral-textured-dress_87069064,https://shop.mango.com/assets/rcs/pics/static/T8/fotos/S/87069064_01.jpg?imwidth=493&imdensity=1&ts=1744020328864
https://shop.mango.com/us/en/p/women/dresses-and-jumpsuits/dresses/short-knitted-dress-with-pleats_87074071,https://shop.mango.com/assets/rcs/pics/static/T8/fotos/S/87074071_05.jpg?imwidth=493&imdensity=1&ts=1736516089052
https://shop.mango.com/us/en/p/women/dresses-and-jumpsuits/dresses/short-knitted-turtleneck-dress_87040284,https://shop.mango.com/assets/rcs/pics/static/T8/fotos/S/87040284_37.jpg?imwidth=493&imdensity=1&ts=1731596670949
https://shop.mango.com/us/en/p/women/dresses-and-jumpsuits/dresses/short-knitted-turtleneck-dress_87040284?c=05,https://shop.mango.com/assets/rcs/pics/static/T8/fotos/S/87040284_05.jpg?imwidth=493&imdensity=1&ts=1728657244167
https://shop.mango.com/us/en/p/women/dresses-and-jumpsuits/dresses/short-knitted-turtleneck-dress_87040284?c=94,https://shop.mango.com/assets/rcs/pics/static/T8/fotos/S/87040284_94.jpg?imwidth=493&imdensity=1&ts=1728903853512
https://shop.mango.com/us/en/p/women/dresses-and-jumpsuits/dresses/short-peplum-knitted-dress_87084812,https://shop.mango.com/assets/rcs/pics/static/T8/fotos/S/87084812_76.jpg?imwidth=493&imdensity=1&ts=1739269522340
https://shop.mango.com/us/en/p/women/dresses-and-jumpsuits/dresses/short-pinstripe-dress_77095997,https://shop.mango.com/assets/rcs/pics/static/T7/fotos/S/77095997_69.jpg?imwidth=493&imdensity=1&ts=1723491617946
https://shop.mango.com/us/en/p/women/dresses-and-jumpsuits/dresses/short-pleated-cotton-dress_17031271,https://shop.mango.com/assets/rcs/pics/static/T1/fotos/S/17031271_99.jpg?imwidth=493&imdensity=1&ts=1746448456564
https://shop.mango.com/us/en/p/women/dresses-and-jumpsuits/dresses/short-pleated-linen-blend-dress_87009071,https://shop.mango.com/assets/rcs/pics/static/T8/fotos/S/87009071_99.jpg?imwidth=493&imdensity=1&ts=1741192501071
https://shop.mango.com/us/en/p/women/dresses-and-jumpsuits/dresses/short-strapless-dress-with-mirrors_87000276,https://shop.mango.com/assets/rcs/pics/static/T8/fotos/S/87000276_99.jpg?imwidth=493&imdensity=1&ts=1730727247331
https://shop.mango.com/us/en/p/women/dresses-and-jumpsuits/dresses/short-striped-dress-with-knot_87078651,https://shop.mango.com/assets/rcs/pics/static/T8/fotos/S/87078651_50.jpg?imwidth=493&imdensity=1&ts=1744641321430
https://shop.mango.com/us/en/p/women/dresses-and-jumpsuits/dresses/short-tweed-dress_77086764,https://shop.mango.com/assets/rcs/pics/static/T7/fotos/S/77086764_69.jpg?imwidth=493&imdensity=1&ts=1724749461989
https://shop.mango.com/us/en/p/women/dresses-and-jumpsuits/dresses/strapless-dress-with-shiny-details_87004428,https://shop.mango.com/assets/rcs/pics/static/T8/fotos/S/87004428_99.jpg?imwidth=493&imdensity=1&ts=1738683260755
https://shop.mango.com/us/en/p/women/dresses-and-jumpsuits/dresses/strapless-floral-dress_87049066,https://shop.mango.com/assets/rcs/pics/static/T8/fotos/S/87049066_05.jpg?imwidth=493&imdensity=1&ts=1744367713706
https://shop.mango.com/us/en/p/women/dresses-and-jumpsuits/dresses/striped-cotton-shirt-dress_87050577,https://shop.mango.com/assets/rcs/pics/static/T8/fotos/S/87050577_70.jpg?imwidth=493&imdensity=1&ts=1730828066698
https://shop.mango.com/us/en/p/women/dresses-and-jumpsuits/dresses/striped-dress-with-metallic-buttons_87080586,https://shop.mango.com/assets/rcs/pics/static/T8/fotos/S/87080586_99.jpg?imwidth=493&imdensity=1&ts=1731337445836
https://shop.mango.com/us/en/p/women/dresses-and-jumpsuits/dresses/striped-dress-with-metallic-buttons_87080586?c=70,https://shop.mango.com/assets/rcs/pics/static/T8/fotos/S/87080586_70.jpg?imwidth=493&imdensity=1&ts=1730819105582
https://shop.mango.com/us/en/p/women/dresses-and-jumpsuits/dresses/striped-short-dress_77064031?c=92,https://shop.mango.com/assets/rcs/pics/static/T7/fotos/S/77064031_92.jpg?imwidth=493&imdensity=1&ts=1720115510326
https://shop.mango.com/us/en/p/women/dresses-and-jumpsuits/dresses/textured-asymmetrical-dress_77068276,https://shop.mango.com/assets/rcs/pics/static/T7/fotos/S/77068276_99.jpg?imwidth=493&imdensity=1&ts=1727363138286
https://shop.mango.com/us/en/p/women/dresses-and-jumpsuits/dresses/wrap-dress-with-shirt-collar_87094069,https://shop.mango.com/assets/rcs/pics/static/T8/fotos/S/87094069_99.jpg?imwidth=493&imdensity=1&ts=1736786076077
https://shop.mango.com/us/en/p/women/dresses-and-jumpsuits/dresses/zebra-back-bow-satin-dress_87084092,https://shop.mango.com/assets/rcs/pics/static/T8/fotos/S/87084092_30.jpg?imwidth=493&imdensity=1&ts=1736859897987
https://shop.mango.com/us/en/p/women/dresses-and-jumpsuits/jumpsuits/belt-short-jumpsuit_87070582,https://shop.mango.com/assets/rcs/pics/static/T8/fotos/S/87070582_56.jpg?imwidth=493&imdensity=1&ts=1731942303235
https://shop.mango.com/us/en/p/women/dresses-and-jumpsuits/jumpsuits/belt-short-jumpsuit_87070582?c=70,https://shop.mango.com/assets/rcs/pics/static/T8/fotos/S/87070582_70.jpg?imwidth=493&imdensity=1&ts=1731942303235
https://shop.mango.com/us/en/p/women/dresses-and-jumpsuits/jumpsuits/cotton-short-jumpsuit_87090576,https://shop.mango.com/assets/rcs/pics/static/T8/fotos/S/87090576_52.jpg?imwidth=493&imdensity=1&ts=1731060248274
https://shop.mango.com/us/en/p/women/dresses-and-jumpsuits/jumpsuits/denim-dungarees-stripes_77062919,https://shop.mango.com/assets/rcs/pics/static/T7/fotos/S/77062919_08.jpg?imwidth=493&imdensity=1&ts=1742907932777
https://shop.mango.com/us/en/p/women/dresses-and-jumpsuits/jumpsuits/denim-overalls-with-embroidered-detail_87090591,https://shop.mango.com/assets/rcs/pics/static/T8/fotos/S/87090591_TM.jpg?imwidth=493&imdensity=1&ts=1731942303235
https://shop.mango.com/us/en/p/women/dresses-and-jumpsuits/jumpsuits/short-sleeved-tweed-jumpsuit_87070595,https://shop.mango.com/assets/rcs/pics/static/T8/fotos/S/87070595_05.jpg?imwidth=493&imdensity=1&ts=1730990074921
